dataset_index,synset,true_label,true_class,clean_pred,clean_class,clean_conf,adv_pred,adv_class,adv_conf,attack_success,linf,mean_abs_delta,cam_ssim,cam_l1,cam_cosine
0,n01440764,0,tench,0,tench,0.6801583170890808,75,black widow,0.999743640422821,True,0.03137257695198059,0.017845680937170982,0.1652448446000524,0.2643018662929535,0.14239446818828583
1,n01440764,0,tench,0,tench,0.521339476108551,251,dalmatian,0.9999920129776001,True,0.03137257695198059,0.017986126244068146,0.33501020215497185,0.09599295258522034,0.008015988394618034
2,n01440764,0,tench,0,tench,0.44280537962913513,395,gar,0.010333254002034664,True,0.03137257695198059,0.017708485946059227,0.31301344713853985,0.14332878589630127,0.4717176556587219
3,n01440764,0,tench,0,tench,0.5295431613922119,974,geyser,0.5700217485427856,True,0.03137257695198059,0.01802581362426281,0.15946200195244786,0.17086561024188995,0.25965777039527893
4,n01440764,0,tench,0,tench,0.47666439414024353,391,coho,0.9999948740005493,True,0.03137257695198059,0.017794663086533546,0.2617836531419212,0.24180206656455994,0.4844174087047577
5,n01440764,0,tench,0,tench,0.49079790711402893,64,green mamba,0.18786169588565826,True,0.03137257695198059,0.018046677112579346,0.28104164470619275,0.1539151966571808,0.4879361093044281
6,n01440764,0,tench,0,tench,0.6115973591804504,882,vacuum,1.0,True,0.03137257695198059,0.017463400959968567,0.32440020012866017,0.1391853541135788,0.3708227574825287
7,n01440764,0,tench,0,tench,0.40700069069862366,389,barracouta,0.9991868138313293,True,0.03137257695198059,0.01846993900835514,0.22893577313344218,0.15222154557704926,0.20539139211177826
8,n01440764,0,tench,0,tench,0.45242318511009216,974,geyser,0.9997550845146179,True,0.03137257695198059,0.01817476376891136,0.1282396483873745,0.1501568704843521,0.14768154919147491
9,n01440764,0,tench,0,tench,0.5678409934043884,389,barracouta,0.9998136162757874,True,0.03137257695198059,0.01813223771750927,0.1898078054297946,0.1798551082611084,0.037078503519296646
10,n01440764,0,tench,0,tench,0.4805773198604584,397,puffer,0.9999997615814209,True,0.03137257695198059,0.01784380152821541,0.3369560796053021,0.1625581532716751,0.43031221628189087
11,n01440764,0,tench,0,tench,0.2696497142314911,391,coho,0.9999915361404419,True,0.03137257695198059,0.01779501512646675,0.3950878770440629,0.15312743186950684,0.6942743062973022
12,n01440764,0,tench,0,tench,0.39608269929885864,82,ruffed grouse,0.8069199323654175,True,0.03137257695198059,0.018289025872945786,0.40837987186822944,0.0805511549115181,0.7385010123252869
13,n01440764,0,tench,0,tench,0.3636423349380493,36,terrapin,0.9999786615371704,True,0.03137257695198059,0.017672790214419365,0.3312808326570604,0.1759108006954193,0.3446730673313141
14,n01440764,0,tench,0,tench,0.582625687122345,970,alp,0.9975119829177856,True,0.03137257695198059,0.018171781674027443,0.22973329948930654,0.13665324449539185,0.4522154927253723
15,n01440764,0,tench,0,tench,0.5259552597999573,39,common iguana,0.08886382728815079,True,0.03137257695198059,0.01791764236986637,0.3237994960708519,0.19899125397205353,0.6208157539367676
16,n01440764,0,tench,0,tench,0.2542096972465515,862,torch,0.9999998807907104,True,0.03137257695198059,0.01797080785036087,0.40437492178363904,0.09128854423761368,0.06319718807935715
17,n01440764,0,tench,0,tench,0.5307248830795288,389,barracouta,0.9999839067459106,True,0.03137257695198059,0.017867648974061012,0.3166323155633831,0.18137124180793762,0.2597161531448364
18,n01440764,0,tench,0,tench,0.5359527468681335,373,macaque,0.9272300004959106,True,0.03137257695198059,0.01818634755909443,0.14301286129311738,0.19636568427085876,0.0076065813191235065
19,n01440764,0,tench,0,tench,0.6517053842544556,170,Irish wolfhound,0.9999914169311523,True,0.03137257695198059,0.017883475869894028,0.34531545417287973,0.10533320158720016,0.5244435667991638
20,n01440764,0,tench,0,tench,0.43703413009643555,987,corn,0.9672613739967346,True,0.03137257695198059,0.01768123172223568,0.2996699845105441,0.1410423070192337,0.48233792185783386
22,n01440764,0,tench,0,tench,0.4664897918701172,391,coho,0.9997844099998474,True,0.03137257695198059,0.01763998530805111,0.3408142005331076,0.21014703810214996,0.48714739084243774
23,n01440764,0,tench,0,tench,0.48972561955451965,389,barracouta,0.9999995231628418,True,0.03137257695198059,0.018019605427980423,0.20326249455673706,0.23715531826019287,0.21173307299613953
24,n01440764,0,tench,0,tench,0.4010300934314728,575,golfcart,0.9999972581863403,True,0.03137257695198059,0.01766059175133705,0.3253468802359644,0.09831880033016205,0.5006715655326843
25,n01440764,0,tench,0,tench,0.5820210576057434,971,bubble,0.9999587535858154,True,0.03137257695198059,0.01763268932700157,0.2735929792917238,0.12411724030971527,0.4242168664932251
26,n01440764,0,tench,0,tench,0.4705161154270172,361,skunk,0.9999938011169434,True,0.03137257695198059,0.017743555828928947,0.11030421302939035,0.26938164234161377,0.07094518840312958
27,n01440764,0,tench,0,tench,0.48005160689353943,461,breastplate,0.9939589500427246,True,0.03137257695198059,0.01751365326344967,0.24382794561717433,0.18444444239139557,0.043584197759628296
28,n01440764,0,tench,0,tench,0.46176472306251526,943,cucumber,0.9999988079071045,True,0.03137257695198059,0.018016614019870758,0.32207074346570536,0.11985365301370621,0.6274811625480652
29,n01440764,0,tench,0,tench,0.5010684132575989,824,stole,0.9999949932098389,True,0.03137257695198059,0.017847372218966484,0.21606422385525365,0.23503823578357697,0.3561522364616394
30,n01440764,0,tench,0,tench,0.47063443064689636,169,borzoi,0.051305823028087616,True,0.03137257695198059,0.01806049980223179,0.18414235450144684,0.156546488404274,0.4547007977962494
31,n01440764,0,tench,0,tench,0.5188340544700623,364,three-toed sloth,0.9999333620071411,True,0.03137257695198059,0.0179116353392601,0.24489618403024283,0.1882709264755249,0.09762116521596909
32,n01440764,0,tench,0,tench,0.28160086274147034,281,tabby,0.9694256782531738,True,0.03137257695198059,0.017601575702428818,0.14859548486316224,0.25144803524017334,0.037320587784051895
33,n01440764,0,tench,0,tench,0.3742193281650543,461,breastplate,0.7588396668434143,True,0.03137257695198059,0.01781902089715004,0.41578167204450106,0.16709105670452118,0.6097105741500854
34,n01440764,0,tench,0,tench,0.7021326422691345,700,paper towel,0.9999884366989136,True,0.03137257695198059,0.01762777380645275,0.3080992893721192,0.11757151782512665,0.5066635608673096
35,n01440764,0,tench,0,tench,0.3903520703315735,824,stole,0.9619700908660889,True,0.03137257695198059,0.018209373578429222,0.17278298463276,0.2335353046655655,0.33612167835235596
36,n01440764,0,tench,0,tench,0.43721163272857666,461,breastplate,0.09698040783405304,True,0.03137257695198059,0.01705174148082733,0.34195527964723854,0.1644483506679535,0.24266332387924194
37,n01440764,0,tench,0,tench,0.6980915665626526,731,plunger,0.9999997615814209,True,0.03137257695198059,0.018009088933467865,0.2425432029776135,0.0845291018486023,0.0
38,n01440764,0,tench,0,tench,0.5253655314445496,39,common iguana,0.9999979734420776,True,0.03137257695198059,0.017609482631087303,0.3707217075674311,0.12472530454397202,0.6997906565666199
39,n01440764,0,tench,0,tench,0.3984563648700714,234,Rottweiler,0.9999065399169922,True,0.03137257695198059,0.017999188974499702,0.3877952546852429,0.10850013047456741,0.6305742859840393
40,n01440764,0,tench,0,tench,0.6019490957260132,378,capuchin,0.9989684820175171,True,0.03137257695198059,0.017733555287122726,0.1952734518720944,0.2661252021789551,0.024195384234189987
41,n01440764,0,tench,0,tench,0.4258436858654022,389,barracouta,0.9987655878067017,True,0.03137257695198059,0.01836925558745861,0.13209060968916667,0.2677006721496582,0.16323810815811157
42,n01440764,0,tench,0,tench,0.6041702628135681,793,shower cap,0.9999983310699463,True,0.03137257695198059,0.017960499972105026,0.2559690810223304,0.22685739398002625,0.36359986662864685
43,n01440764,0,tench,0,tench,0.4220741391181946,815,spider web,0.9997116923332214,True,0.03137257695198059,0.017484553158283234,0.3951670649631895,0.09451747685670853,0.372527539730072
44,n01440764,0,tench,0,tench,0.4692899286746979,50,American alligator,0.9999921321868896,True,0.03137257695198059,0.01792001724243164,0.25662455340351104,0.20926210284233093,0.08751259744167328
45,n01440764,0,tench,0,tench,0.5490766763687134,395,gar,0.9999614953994751,True,0.03137257695198059,0.018284784629940987,0.5205373082851972,0.08332685381174088,0.8126019835472107
46,n01440764,0,tench,0,tench,0.5639252662658691,787,shield,0.9998857975006104,True,0.03137257695198059,0.017121432349085808,0.19522666279249837,0.2255716770887375,0.0443182997405529
47,n01440764,0,tench,0,tench,0.4824432134628296,796,ski mask,0.9999921321868896,True,0.03137257695198059,0.017836548388004303,0.3871221679946549,0.09845598042011261,0.5954195857048035
48,n01440764,0,tench,0,tench,0.42798885703086853,171,Italian greyhound,0.999915599822998,True,0.03137257695198059,0.018200062215328217,0.40064098867968684,0.14168623089790344,0.5997660160064697
49,n01440764,0,tench,0,tench,0.48885437846183777,761,remote control,0.9999953508377075,True,0.03137257695198059,0.017530959099531174,0.5022314126253739,0.128551185131073,0.4939018785953522
50,n01440764,0,tench,0,tench,0.511106014251709,839,suspension bridge,0.9999946355819702,True,0.03137257695198059,0.018036646768450737,0.18895269351486263,0.14252351224422455,0.2013685256242752
51,n01440764,0,tench,0,tench,0.29050809144973755,389,barracouta,0.999961256980896,True,0.03137257695198059,0.017970524728298187,0.19096187584438787,0.25396040081977844,0.10916553437709808
52,n01440764,0,tench,0,tench,0.4218203127384186,523,crutch,0.9987439513206482,True,0.03137257695198059,0.01801101118326187,0.31879509463682915,0.10848762840032578,0.5189301371574402
53,n01440764,0,tench,0,tench,0.44055449962615967,391,coho,0.9998008608818054,True,0.03137257695198059,0.017867499962449074,0.4704004805455726,0.12483217567205429,0.5854513049125671
54,n01440764,0,tench,0,tench,0.4849391281604767,589,hand blower,1.0,True,0.03137257695198059,0.017705310136079788,0.2879764895728546,0.1319228559732437,0.010189680382609367
55,n01440764,0,tench,0,tench,0.6654489040374756,348,ram,0.3312988877296448,True,0.03137257695198059,0.0173358004540205,0.3966798850206715,0.12752331793308258,0.3947511315345764
56,n01440764,0,tench,0,tench,0.7214783430099487,249,malamute,0.9996347427368164,True,0.03137257695198059,0.01794091984629631,0.09441350632193327,0.18722133338451385,0.0
57,n01440764,0,tench,0,tench,0.5022609829902649,389,barracouta,0.999998927116394,True,0.03137257695198059,0.017951887100934982,0.20300010797328172,0.18636278808116913,0.38479042053222656
58,n01440764,0,tench,0,tench,0.4941006600856781,389,barracouta,0.999922513961792,True,0.03137257695198059,0.017840532585978508,0.3212154298520993,0.14369499683380127,0.3203040659427643
59,n01440764,0,tench,0,tench,0.6912198662757874,395,gar,0.9999816417694092,True,0.03137257695198059,0.01782565377652645,0.29550280167048204,0.18892033398151398,0.43892449140548706
60,n01440764,0,tench,0,tench,0.44202733039855957,214,Gordon setter,0.9981765747070312,True,0.03137257695198059,0.017548343166708946,0.12324394055837772,0.19978567957878113,0.19041641056537628
61,n01440764,0,tench,0,tench,0.5422634482383728,442,bell cote,0.9999954700469971,True,0.03137257695198059,0.018105963245034218,0.21997425819665975,0.09822513908147812,0.6916483640670776
62,n01440764,0,tench,0,tench,0.44503140449523926,169,borzoi,0.9999971389770508,True,0.03137257695198059,0.017701830714941025,0.22934386488030525,0.18468990921974182,0.07370221614837646
63,n01440764,0,tench,0,tench,0.4550086259841919,381,spider monkey,0.9999839067459106,True,0.03137257695198059,0.018034840002655983,0.2627669916766199,0.16222265362739563,0.1208173856139183
64,n01440764,0,tench,0,tench,0.4920719265937805,741,prayer rug,0.02402554638683796,True,0.03137257695198059,0.017794767394661903,0.3640625438532802,0.12854993343353271,0.4637112617492676
65,n01440764,0,tench,0,tench,0.5657919645309448,23,vulture,0.9999626874923706,True,0.03137257695198059,0.01776099018752575,0.25892406202150803,0.14039136469364166,0.46691834926605225
66,n01440764,0,tench,0,tench,0.4708690941333771,76,tarantula,0.999990701675415,True,0.03137257695198059,0.01694861613214016,0.4083225044567733,0.10134816914796829,0.5649460554122925
67,n01440764,0,tench,0,tench,0.4107999801635742,257,Great Pyrenees,0.9964051246643066,True,0.03137257695198059,0.018358130007982254,0.20669875261791668,0.12404798716306686,0.052202560007572174
68,n01440764,0,tench,0,tench,0.5102187395095825,845,syringe,0.9855945110321045,True,0.03137257695198059,0.017887307330965996,0.139295047674073,0.16355277597904205,0.0
69,n01440764,0,tench,0,tench,0.534950852394104,39,common iguana,0.9999492168426514,True,0.03137257695198059,0.017738714814186096,0.23446289484528324,0.25069719552993774,0.08911767601966858
70,n01440764,0,tench,0,tench,0.4054534435272217,109,brain coral,0.9999971389770508,True,0.03137257695198059,0.017739208415150642,0.3361440132959065,0.144849956035614,0.5008383393287659
71,n01440764,0,tench,0,tench,0.5362691879272461,721,pillow,0.9999886751174927,True,0.03137257695198059,0.016975201666355133,0.3232369211059025,0.15031763911247253,0.05849672853946686
72,n01440764,0,tench,0,tench,0.40466201305389404,591,handkerchief,0.11474579572677612,True,0.03137257695198059,0.018104160204529762,0.06617938239152966,0.22607477009296417,0.0
73,n01440764,0,tench,0,tench,0.5604207515716553,174,Norwegian elkhound,0.9856184124946594,True,0.03137257695198059,0.018137533217668533,0.32019617661984756,0.12060488760471344,0.4243256449699402
74,n01440764,0,tench,0,tench,0.5741499662399292,815,spider web,0.9999531507492065,True,0.03137257695198059,0.017660243436694145,0.19922738002696427,0.15344734489917755,0.06681354343891144
75,n01440764,0,tench,0,tench,0.516903817653656,980,volcano,0.4205816090106964,True,0.03137257695198059,0.01737282983958721,0.17329979524023856,0.2296801060438156,0.016882803291082382
76,n01440764,0,tench,0,tench,0.4593255817890167,389,barracouta,0.9800316095352173,True,0.03137257695198059,0.017610108479857445,0.24014636222384955,0.2085375338792801,0.03010823018848896
77,n01440764,0,tench,0,tench,0.8076978921890259,103,platypus,0.9999994039535522,True,0.03137257695198059,0.017944874241948128,0.3369456522423713,0.22119733691215515,0.5387980937957764
78,n01440764,0,tench,0,tench,0.4643014073371887,589,hand blower,0.9997362494468689,True,0.03137257695198059,0.017751747742295265,0.12584013446502254,0.20751439034938812,0.062135957181453705
79,n01440764,0,tench,0,tench,0.5850992798805237,193,Australian terrier,0.9999984502792358,True,0.03137257695198059,0.017866158857941628,0.24809345041200803,0.1635534167289734,0.40296345949172974
80,n01440764,0,tench,0,tench,0.656955361366272,542,drumstick,0.993556797504425,True,0.03137257695198059,0.01783059537410736,0.32964154856965494,0.07715146988630295,0.8298053741455078
81,n01440764,0,tench,0,tench,0.5666012763977051,36,terrapin,0.9998399019241333,True,0.03137257695198059,0.017715197056531906,0.2771199631361456,0.17324411869049072,0.24366936087608337
82,n01440764,0,tench,0,tench,0.47358208894729614,391,coho,0.9999829530715942,True,0.03137257695198059,0.0178428553044796,0.22254282400981332,0.3078189194202423,0.4234393835067749
83,n01440764,0,tench,0,tench,0.5342394709587097,389,barracouta,0.999002993106842,True,0.03137257695198059,0.017696473747491837,0.40908550109341485,0.17468427121639252,0.4865962564945221
84,n01440764,0,tench,0,tench,0.4031510055065155,389,barracouta,0.9994482398033142,True,0.03137257695198059,0.016876930370926857,0.28589629317577286,0.18262659013271332,0.30227115750312805
85,n01440764,0,tench,0,tench,0.4484487473964691,50,American alligator,0.9999744892120361,True,0.03137257695198059,0.01800965890288353,0.2449762928296827,0.20157021284103394,0.2919657230377197
86,n01440764,0,tench,0,tench,0.4583401381969452,50,American alligator,0.9999897480010986,True,0.03137257695198059,0.018015041947364807,0.2652319720917351,0.1414038985967636,0.09073957800865173
87,n01440764,0,tench,0,tench,0.5314948558807373,196,miniature schnauzer,0.9989917874336243,True,0.03137257695198059,0.01788340136408806,0.3332548354282512,0.119734987616539,0.00407024659216404
88,n01440764,0,tench,0,tench,0.47246572375297546,641,maraca,1.0,True,0.03137257695198059,0.017893090844154358,0.18298373823996308,0.18723393976688385,0.057171985507011414
89,n01440764,0,tench,0,tench,0.4607750177383423,208,Labrador retriever,0.9981073141098022,True,0.03137257695198059,0.017714422196149826,0.26438474335306056,0.18798436224460602,0.3318544030189514
90,n01440764,0,tench,0,tench,0.4767395555973053,151,Chihuahua,0.9998319149017334,True,0.03137257695198059,0.017201121896505356,0.3413370697574623,0.18807488679885864,0.026246583089232445
91,n01440764,0,tench,0,tench,0.38072219491004944,391,coho,0.9999923706054688,True,0.03137257695198059,0.018127892166376114,0.21440751266397237,0.23831680417060852,0.11409595608711243
92,n01440764,0,tench,0,tench,0.5299761891365051,680,nipple,0.9999897480010986,True,0.03137257695198059,0.017692746594548225,0.37517960924741095,0.13450577855110168,0.4411393404006958
93,n01440764,0,tench,0,tench,0.5585582256317139,815,spider web,0.999681830406189,True,0.03137257695198059,0.017604703083634377,0.220136926610724,0.20950864255428314,0.06846155226230621
94,n01440764,0,tench,0,tench,0.5124307870864868,395,gar,0.9990200996398926,True,0.03137257695198059,0.01772332563996315,0.43158638083072093,0.14033615589141846,0.49537336826324463
95,n01440764,0,tench,0,tench,0.31976333260536194,50,American alligator,0.999996542930603,True,0.03137257695198059,0.017755454406142235,0.3746787143282438,0.14500898122787476,0.31611207127571106
96,n01440764,0,tench,0,tench,0.417505145072937,337,beaver,0.9993778467178345,True,0.03137257695198059,0.01786668598651886,0.40916401224644916,0.14045634865760803,0.5594871640205383
97,n01440764,0,tench,0,tench,0.5553426146507263,86,partridge,0.9663905501365662,True,0.03137257695198059,0.017790082842111588,0.38015844658264775,0.15092650055885315,0.5850391983985901
98,n01440764,0,tench,0,tench,0.4272542893886566,389,barracouta,0.9999524354934692,True,0.03137257695198059,0.017888052389025688,0.27508276711727214,0.22803501784801483,0.4898979067802429
99,n01440764,0,tench,0,tench,0.5244016051292419,224,groenendael,0.9999980926513672,True,0.03137257695198059,0.018433449789881706,0.5407509880855799,0.032027821987867355,0.9274169206619263
100,n01440764,0,tench,0,tench,0.3658362329006195,389,barracouta,0.9989250302314758,True,0.03137257695198059,0.01838076114654541,0.3845294310126615,0.14911121129989624,0.6317422389984131
101,n01440764,0,tench,0,tench,0.43230652809143066,431,bassinet,0.9999990463256836,True,0.03137257695198059,0.017652176320552826,0.3173601661214658,0.13412092626094818,0.3742811381816864
102,n01440764,0,tench,0,tench,0.46926483511924744,377,marmoset,0.9984186887741089,True,0.03137257695198059,0.017633067443966866,0.3053269177311612,0.1573733240365982,0.006082269363105297
103,n01440764,0,tench,0,tench,0.4359073042869568,329,sea cucumber,0.9999688863754272,True,0.03137257695198059,0.017835581675171852,0.35237777456353203,0.11893704533576965,0.5608428716659546
104,n01440764,0,tench,0,tench,0.5019159317016602,838,sunscreen,0.9995613694190979,True,0.03137257695198059,0.017998328432440758,0.12798084864769851,0.1863359957933426,0.30971822142601013
105,n01440764,0,tench,0,tench,0.34597375988960266,234,Rottweiler,0.037365566939115524,True,0.03137257695198059,0.017832541838288307,0.2120082963781338,0.15668901801109314,0.3706490993499756
106,n01440764,0,tench,0,tench,0.4441800117492676,170,Irish wolfhound,0.9966335892677307,True,0.03137257695198059,0.017405198886990547,0.4809490416998935,0.07697832584381104,0.6725134253501892
107,n01440764,0,tench,0,tench,0.41559919714927673,48,Komodo dragon,0.9997180104255676,True,0.03137257695198059,0.017777685075998306,0.3658321845171001,0.18770988285541534,0.40308278799057007
108,n01440764,0,tench,0,tench,0.45052045583724976,391,coho,0.999870777130127,True,0.03137257695198059,0.01796754077076912,0.36770841026101087,0.16061079502105713,0.384457528591156
109,n01440764,0,tench,0,tench,0.48000919818878174,227,kelpie,0.9998760223388672,True,0.03137257695198059,0.018094925209879875,0.33610345535169195,0.0836799368262291,0.10059288144111633
110,n01440764,0,tench,0,tench,0.49918997287750244,389,barracouta,0.999823272228241,True,0.03137257695198059,0.018030941486358643,0.2065426444231938,0.2107754349708557,0.15817907452583313
111,n01440764,0,tench,0,tench,0.34141725301742554,391,coho,0.9999990463256836,True,0.03137257695198059,0.017936330288648605,0.1984330751662101,0.15484654903411865,0.008988611400127411
112,n01440764,0,tench,0,tench,0.5037321448326111,793,shower cap,0.7788699269294739,True,0.03137257695198059,0.016934478655457497,0.5315237414243084,0.14255091547966003,0.6873898506164551
114,n01440764,0,tench,0,tench,0.6388660669326782,36,terrapin,0.9998000264167786,True,0.03137257695198059,0.017714794725179672,0.18445969632946205,0.24133707582950592,0.14952602982521057
115,n01440764,0,tench,0,tench,0.47196656465530396,329,sea cucumber,1.0,True,0.03137257695198059,0.017911136150360107,0.3152549128107977,0.1661013811826706,0.32802653312683105
116,n01440764,0,tench,0,tench,0.5227733850479126,391,coho,0.9997760653495789,True,0.03137257695198059,0.01750691421329975,0.3714660882736435,0.11308158189058304,0.4237039089202881
117,n01440764,0,tench,0,tench,0.47249913215637207,815,spider web,0.9999934434890747,True,0.03137257695198059,0.017763011157512665,0.13659421182051087,0.21939393877983093,0.2552710473537445
118,n01440764,0,tench,0,tench,0.415297269821167,50,American alligator,0.9999996423721313,True,0.03137257695198059,0.01785702258348465,0.18301027563731956,0.1830167919397354,0.11285984516143799
119,n01440764,0,tench,0,tench,0.5363444685935974,806,sock,0.9999995231628418,True,0.03137257695198059,0.017642030492424965,0.18257855543862497,0.28849756717681885,0.15150894224643707
120,n01440764,0,tench,0,tench,0.5437554717063904,86,partridge,0.8586631417274475,True,0.03137257695198059,0.017847461625933647,0.38295558955110703,0.15981300175189972,0.6253038048744202
121,n01440764,0,tench,0,tench,0.5184326171875,212,English setter,0.9998260140419006,True,0.03137257695198059,0.017847733572125435,0.05792544405471861,0.22079582512378693,0.03985282778739929
122,n01440764,0,tench,0,tench,0.4468751847743988,891,waffle iron,0.9998183846473694,True,0.03137257695198059,0.01766538992524147,0.4010922114461032,0.2010653167963028,0.45098763704299927
123,n01440764,0,tench,0,tench,0.22449976205825806,391,coho,0.9998817443847656,True,0.03137257695198059,0.018082160502672195,0.3539499241095574,0.1190660372376442,0.26221346855163574
124,n01440764,0,tench,0,tench,0.5006104707717896,524,cuirass,0.9537157416343689,True,0.03137257695198059,0.01799035631120205,0.2138980968920104,0.16575323045253754,0.5577514171600342
125,n01440764,0,tench,0,tench,0.50911945104599,348,ram,0.9676717519760132,True,0.03137257695198059,0.018023662269115448,0.1172234249731562,0.2020062357187271,0.02101380191743374
126,n01440764,0,tench,0,tench,0.45131760835647583,312,cricket,0.828087568283081,True,0.03137257695198059,0.017655417323112488,0.2156525019657536,0.19426822662353516,0.2768033742904663
127,n01440764,0,tench,0,tench,0.46078523993492126,214,Gordon setter,0.9956331849098206,True,0.03137257695198059,0.01781490258872509,0.2055709189658864,0.10784823447465897,0.11718356609344482
128,n01440764,0,tench,0,tench,0.6461166143417358,391,coho,0.9965885877609253,True,0.03137257695198059,0.01791723445057869,0.3497624897284853,0.1275651454925537,0.6302064657211304
129,n01440764,0,tench,0,tench,0.49690917134284973,231,collie,0.9925409555435181,True,0.03137257695198059,0.017834218218922615,0.1799951887360127,0.17294824123382568,0.11885373294353485
130,n01440764,0,tench,0,tench,0.49475058913230896,515,cowboy hat,0.9998733997344971,True,0.03137257695198059,0.01848704367876053,0.20542296936837864,0.1454705446958542,0.053269028663635254
131,n01440764,0,tench,0,tench,0.6149954199790955,65,sea snake,0.9999990463256836,True,0.03137257695198059,0.017855461686849594,0.2664596243388067,0.168805330991745,0.01775451749563217
132,n01440764,0,tench,0,tench,0.5478461980819702,489,chainlink fence,0.9999986886978149,True,0.03137257695198059,0.018003376200795174,0.26967235281388074,0.22812265157699585,0.2712640166282654
133,n01440764,0,tench,0,tench,0.5034106373786926,151,Chihuahua,0.9980292916297913,True,0.03137257695198059,0.01772988773882389,0.13318421673866684,0.17381185293197632,0.11594906449317932
134,n01440764,0,tench,0,tench,0.5109166502952576,320,damselfly,0.996215283870697,True,0.03137257695198059,0.017708782106637955,0.19511450857657886,0.28435903787612915,0.10318534076213837
135,n01440764,0,tench,0,tench,0.6535078287124634,61,boa constrictor,0.855334460735321,True,0.03137257695198059,0.017866263166069984,0.2973212247853014,0.11008376628160477,0.7531453967094421
136,n01440764,0,tench,0,tench,0.44228583574295044,238,Greater Swiss Mountain dog,0.9979518055915833,True,0.03137257695198059,0.018010806292295456,0.30258176104725165,0.12447293847799301,0.300884872674942
137,n01440764,0,tench,0,tench,0.4389722943305969,389,barracouta,0.06367380172014236,True,0.03137257695198059,0.01815560832619667,0.2622298216435424,0.17670224606990814,0.34191593527793884
138,n01440764,0,tench,0,tench,0.43112286925315857,731,plunger,0.9999953508377075,True,0.03137257695198059,0.01789657026529312,0.13751406583394657,0.18248622119426727,0.41929179430007935
139,n01440764,0,tench,0,tench,0.4872058928012848,868,tray,0.9999520778656006,True,0.03137257695198059,0.017511947080492973,0.25964172920434775,0.1940421462059021,0.4447537064552307
140,n01440764,0,tench,0,tench,0.6344226598739624,772,safety pin,1.0,True,0.03137257695198059,0.018246883526444435,0.11773290860660754,0.16883298754692078,0.011999961920082569
141,n01440764,0,tench,0,tench,0.4031681716442108,377,marmoset,0.9989683628082275,True,0.03137257695198059,0.017671000212430954,0.298705723694742,0.1990080624818802,0.11010529845952988
142,n01440764,0,tench,0,tench,0.609333336353302,48,Komodo dragon,0.9980291724205017,True,0.03137257695198059,0.017938312143087387,0.30550394268314296,0.18872834742069244,0.5613270998001099
143,n01440764,0,tench,0,tench,0.43107759952545166,338,guinea pig,0.9787742495536804,True,0.03137257695198059,0.01771647483110428,0.3112508830530085,0.14098872244358063,0.005880157463252544
144,n01440764,0,tench,0,tench,0.3983991742134094,589,hand blower,0.9999988079071045,True,0.03137257695198059,0.017718983814120293,0.43670192844392747,0.0948762595653534,0.6896126866340637
145,n01440764,0,tench,0,tench,0.4875749945640564,46,green lizard,0.9904980063438416,True,0.03137257695198059,0.01790229044854641,0.18864591577159262,0.14310230314731598,0.07290810346603394
146,n01440764,0,tench,0,tench,0.22478455305099487,395,gar,1.0,True,0.03137257695198059,0.017856869846582413,0.13141691117510845,0.300995409488678,0.2945903241634369
147,n01440764,0,tench,0,tench,0.35868018865585327,171,Italian greyhound,0.9999417066574097,True,0.03137257695198059,0.018122470006346703,0.2850459162374225,0.11650596559047699,0.1410786509513855
148,n01440764,0,tench,0,tench,0.4436798095703125,727,planetarium,0.9999955892562866,True,0.03137257695198059,0.017583413049578667,0.2753563257846448,0.14280438423156738,0.34213364124298096
149,n01440764,0,tench,0,tench,0.48124706745147705,389,barracouta,0.9999974966049194,True,0.03137257695198059,0.017727065831422806,0.30825322204476613,0.19407303631305695,0.1916607767343521
150,n01440764,0,tench,0,tench,0.4574606120586395,50,American alligator,0.9999973773956299,True,0.03137257695198059,0.0178818516433239,0.2920150569174523,0.14499402046203613,0.2920799255371094
151,n01440764,0,tench,0,tench,0.4242885112762451,3,tiger shark,0.9991180300712585,True,0.03137257695198059,0.017621006816625595,0.4621726737670575,0.14722564816474915,0.3644397258758545
152,n01440764,0,tench,0,tench,0.48849624395370483,845,syringe,0.9994822144508362,True,0.03137257695198059,0.01773803122341633,0.07225647427675742,0.21963746845722198,0.022118577733635902
153,n01440764,0,tench,0,tench,0.38387370109558105,104,wallaby,0.9999997615814209,True,0.03137257695198059,0.017755113542079926,0.31936510142255264,0.12976981699466705,0.15637773275375366
154,n01440764,0,tench,0,tench,0.5487879514694214,254,pug,0.9999992847442627,True,0.03137257695198059,0.017835713922977448,0.37579985414497563,0.11969584971666336,0.07283998280763626
155,n01440764,0,tench,0,tench,0.56898432970047,205,flat-coated retriever,0.5267543196678162,True,0.03137257695198059,0.017844658344984055,0.23160443263257063,0.17812879383563995,0.43475204706192017
156,n01440764,0,tench,0,tench,0.5895887613296509,48,Komodo dragon,0.9983612895011902,True,0.03137257695198059,0.017551301047205925,0.248818579379458,0.1843956857919693,0.18975695967674255
157,n01440764,0,tench,0,tench,0.3649400472640991,48,Komodo dragon,0.9994564652442932,True,0.03137257695198059,0.017830953001976013,0.246072931330572,0.233061745762825,0.48916691541671753
158,n01440764,0,tench,0,tench,0.24450848996639252,48,Komodo dragon,0.09239115566015244,True,0.03137257695198059,0.017683345824480057,0.3196426898910252,0.16269928216934204,0.45865291357040405
159,n01440764,0,tench,0,tench,0.5045322179794312,209,Chesapeake Bay retriever,0.9999954700469971,True,0.03137257695198059,0.01833183877170086,0.2349387909351239,0.13627475500106812,0.007170243188738823
160,n01440764,0,tench,0,tench,0.4988134801387787,239,Bernese mountain dog,0.8395601511001587,True,0.03137257695198059,0.017344433814287186,0.23128335290308183,0.18706679344177246,0.07252414524555206
161,n01440764,0,tench,0,tench,0.3520321547985077,391,coho,0.9971871972084045,True,0.03137257695198059,0.016882631927728653,0.35579200454966503,0.13631513714790344,0.3846750259399414
162,n01440764,0,tench,0,tench,0.4556414484977722,585,hair spray,0.9999997615814209,True,0.03137257695198059,0.017781615257263184,0.1650554115439421,0.19637978076934814,0.5086032748222351
163,n01440764,0,tench,0,tench,0.42398667335510254,242,boxer,0.9998819828033447,True,0.03137257695198059,0.01818692870438099,0.2568596847619323,0.10547993332147598,0.0
164,n01440764,0,tench,0,tench,0.4437985420227051,472,canoe,0.999344527721405,True,0.03137257695198059,0.017941465601325035,0.19531239799037672,0.16515761613845825,0.11339589953422546
165,n01440764,0,tench,0,tench,0.5311434864997864,397,puffer,0.9999661445617676,True,0.03137257695198059,0.017887791618704796,0.21716577876304563,0.2622849643230438,0.24980506300926208
166,n01440764,0,tench,0,tench,0.665092408657074,815,spider web,0.9999988079071045,True,0.03137257695198059,0.017573216930031776,0.3114761791398637,0.15134988725185394,0.24328283965587616
167,n01440764,0,tench,0,tench,0.45541003346443176,203,West Highland white terrier,0.9998384714126587,True,0.03137257695198059,0.017704779282212257,0.26963087427096843,0.22160916030406952,0.03919759392738342
168,n01440764,0,tench,0,tench,0.46595001220703125,61,boa constrictor,0.9443713426589966,True,0.03137257695198059,0.017891230061650276,0.2703619344209878,0.17214147746562958,0.43539491295814514
169,n01440764,0,tench,0,tench,0.5074078440666199,114,slug,0.9998921155929565,True,0.03137257695198059,0.018363751471042633,0.3665290143474011,0.16051965951919556,0.24998746812343597
170,n01440764,0,tench,0,tench,0.5848192572593689,50,American alligator,0.9999983310699463,True,0.03137257695198059,0.017682310193777084,0.49508776963485907,0.052532512694597244,0.9012733101844788
171,n01440764,0,tench,0,tench,0.5636288523674011,390,eel,0.9999997615814209,True,0.03137257695198059,0.01773546077311039,0.46151827905724796,0.14244286715984344,0.6592211723327637
172,n01440764,0,tench,0,tench,0.5970858931541443,84,peacock,0.9998526573181152,True,0.03137257695198059,0.017742162570357323,0.2930427218893076,0.19531023502349854,0.26246100664138794
173,n01440764,0,tench,0,tench,0.5337041616439819,389,barracouta,0.9999948740005493,True,0.03137257695198059,0.018298491835594177,0.29307864571589176,0.15397314727306366,0.24518555402755737
174,n01440764,0,tench,0,tench,0.43987366557121277,394,sturgeon,0.9999998807907104,True,0.03137257695198059,0.017633143812417984,0.3066698129734316,0.20783525705337524,0.11259213089942932
175,n01440764,0,tench,0,tench,0.5770494937896729,676,muzzle,1.0,True,0.03137257695198059,0.017760273069143295,0.200379270395111,0.27175888419151306,0.27289021015167236
176,n01440764,0,tench,0,tench,0.4868136942386627,208,Labrador retriever,0.9746778607368469,True,0.03137257695198059,0.017712226137518883,0.3396852994834894,0.18197549879550934,0.3739716112613678
177,n01440764,0,tench,0,tench,0.5214975476264954,953,pineapple,0.8793878555297852,True,0.03137257695198059,0.01792921870946884,0.0829701722311939,0.26034295558929443,0.09465683996677399
178,n01440764,0,tench,0,tench,0.5503358244895935,772,safety pin,1.0,True,0.03137257695198059,0.01827097497880459,0.22344146504500942,0.17421574890613556,0.21448127925395966
179,n01440764,0,tench,0,tench,0.4590679407119751,955,jackfruit,0.9999871253967285,True,0.03137257695198059,0.01802082546055317,0.346339703113183,0.18842308223247528,0.38005465269088745
180,n01440764,0,tench,0,tench,0.5706241726875305,39,common iguana,0.9999828338623047,True,0.03137257695198059,0.01792650856077671,0.4461194486686764,0.11076018959283829,0.46197715401649475
181,n01440764,0,tench,0,tench,0.4992294907569885,724,pirate,0.03987402096390724,True,0.03137257695198059,0.017948094755411148,0.36592255491501796,0.1173107847571373,0.6543515920639038
182,n01440764,0,tench,0,tench,0.5470119118690491,82,ruffed grouse,0.01138402707874775,True,0.03137257695198059,0.018156923353672028,0.2416936737492428,0.13781972229480743,0.5244325399398804
183,n01440764,0,tench,0,tench,0.47833922505378723,336,marmot,0.9999996423721313,True,0.03137257695198059,0.018377305939793587,0.23543076720295394,0.14783161878585815,0.2893734574317932
184,n01440764,0,tench,0,tench,0.64599609375,50,American alligator,0.9997939467430115,True,0.03137257695198059,0.017732935026288033,0.2865867635794445,0.1968207061290741,0.2982659339904785
185,n01440764,0,tench,0,tench,0.5107856392860413,51,triceratops,0.9999998807907104,True,0.03137257695198059,0.017470000311732292,0.5616044959122651,0.08499418199062347,0.5466944575309753
186,n01440764,0,tench,0,tench,0.4553103446960449,391,coho,0.9991322159767151,True,0.03137257695198059,0.017879053950309753,0.3821755436953748,0.09970118850469589,0.1619614064693451
187,n01440764,0,tench,0,tench,0.5624776482582092,777,scabbard,0.9978317618370056,True,0.03137257695198059,0.017844393849372864,0.317360775122584,0.16480928659439087,0.5617021322250366
188,n01440764,0,tench,0,tench,0.3064742982387543,266,miniature poodle,0.99543696641922,True,0.03137257695198059,0.018048016354441643,0.25250911782041013,0.14501319825649261,0.6842710375785828
189,n01440764,0,tench,0,tench,0.20096860826015472,391,coho,1.0,True,0.03137257695198059,0.01788625307381153,0.17337186229590082,0.25728321075439453,0.18192707002162933
190,n01440764,0,tench,0,tench,0.2971086800098419,391,coho,0.9999606609344482,True,0.03137257695198059,0.01795734278857708,0.13776384203209222,0.28606852889060974,0.3209961950778961
191,n01440764,0,tench,0,tench,0.5126625299453735,253,basenji,0.9999761581420898,True,0.03137257695198059,0.01753392443060875,0.08529059817368902,0.2488492727279663,0.08397826552391052
192,n01440764,0,tench,0,tench,0.5602552890777588,49,African crocodile,0.7074991464614868,True,0.03137257695198059,0.01789020001888275,0.38459116631508006,0.19679152965545654,0.569543182849884
193,n01440764,0,tench,0,tench,0.45935115218162537,456,bow,0.9999998807907104,True,0.03137257695198059,0.018135780468583107,0.20829303638215327,0.1738775074481964,0.3333723545074463
194,n01440764,0,tench,0,tench,0.6736831068992615,389,barracouta,0.9989163875579834,True,0.03137257695198059,0.01783880963921547,0.3048942897564316,0.14608383178710938,0.4772531986236572
195,n01440764,0,tench,0,tench,0.16746416687965393,124,crayfish,0.9999984502792358,True,0.03137257695198059,0.017841676250100136,0.29311951663332203,0.2167455106973648,0.228428453207016
196,n01440764,0,tench,0,tench,0.5856683254241943,786,sewing machine,0.9999998807907104,True,0.03137257695198059,0.01788236014544964,0.28993331605326716,0.18766726553440094,0.5629924535751343
197,n01440764,0,tench,0,tench,0.5560949444770813,755,radio telescope,0.9999685287475586,True,0.03137257695198059,0.01821436919271946,0.29589891875290947,0.1261921375989914,0.03415237367153168
198,n01440764,0,tench,0,tench,0.5655942559242249,395,gar,0.9999924898147583,True,0.03137257695198059,0.01813148520886898,0.28834974136383157,0.17451924085617065,0.13438890874385834
199,n01440764,0,tench,0,tench,0.48395925760269165,389,barracouta,0.9996906518936157,True,0.03137257695198059,0.018248436972498894,0.3378581355044931,0.1297941952943802,0.3712049424648285
200,n01440764,0,tench,0,tench,0.6335601806640625,109,brain coral,1.0,True,0.03137257695198059,0.016832035034894943,0.26312004048876747,0.1868855357170105,0.052232056856155396
201,n01440764,0,tench,0,tench,0.7726475596427917,748,purse,0.9989908337593079,True,0.03137257695198059,0.0178877804428339,0.2508579368772373,0.19494043290615082,0.36984896659851074
202,n01440764,0,tench,0,tench,0.5171241164207458,377,marmoset,0.9999485015869141,True,0.03137257695198059,0.017713699489831924,0.3278733450539214,0.12997709214687347,0.4284402132034302
203,n01440764,0,tench,0,tench,0.5133549571037292,389,barracouta,0.9999955892562866,True,0.03137257695198059,0.018424050882458687,0.30932004634642474,0.17481455206871033,0.4408837556838989
204,n01440764,0,tench,0,tench,0.5331296324729919,731,plunger,1.0,True,0.03137257695198059,0.01811426877975464,0.1943892726356831,0.12973707914352417,0.021958740428090096
205,n01440764,0,tench,0,tench,0.5974034667015076,391,coho,0.9999145269393921,True,0.03137257695198059,0.017832256853580475,0.17751983007081543,0.12339954823255539,0.35152649879455566
206,n01440764,0,tench,0,tench,0.5898998975753784,691,oxygen mask,0.9999464750289917,True,0.03137257695198059,0.01739523746073246,0.17559583023789516,0.2347411960363388,0.09168888628482819
207,n01440764,0,tench,0,tench,0.5493291616439819,796,ski mask,0.9999996423721313,True,0.03137257695198059,0.01767091639339924,0.2630332136051223,0.13076919317245483,0.32005923986434937
208,n01440764,0,tench,0,tench,0.3370218575000763,758,reel,0.9999995231628418,True,0.03137257695198059,0.017889728769659996,0.39919553476761493,0.19573548436164856,0.6931574940681458
209,n01440764,0,tench,0,tench,0.4467955529689789,801,snorkel,0.9998925924301147,True,0.03137257695198059,0.017495878040790558,0.4343796377706974,0.1464037448167801,0.4852069616317749
210,n01440764,0,tench,0,tench,0.5211525559425354,395,gar,0.9999980926513672,True,0.03137257695198059,0.01792242005467415,0.17404069888884388,0.2733045220375061,0.28185999393463135
211,n01440764,0,tench,0,tench,0.6030710339546204,359,black-footed ferret,0.7450760006904602,True,0.03137257695198059,0.016930589452385902,0.18859720430334684,0.20644456148147583,0.14894603192806244
212,n01440764,0,tench,0,tench,0.24574178457260132,39,common iguana,0.9998102784156799,True,0.03137257695198059,0.017896639183163643,0.4157948482726236,0.08598826825618744,0.5841494798660278
213,n01440764,0,tench,0,tench,0.5169934034347534,389,barracouta,0.9993663430213928,True,0.03137257695198059,0.017699996009469032,0.4036581202818821,0.17346428334712982,0.7105778455734253
214,n01440764,0,tench,0,tench,0.5453507900238037,395,gar,0.9999991655349731,True,0.03137257695198059,0.017792753875255585,0.251481561755424,0.21514484286308289,0.3715619444847107
215,n01440764,0,tench,0,tench,0.349372923374176,50,American alligator,0.9999943971633911,True,0.03137257695198059,0.018196823075413704,0.28957836780615287,0.16378524899482727,0.05981548875570297
216,n01440764,0,tench,0,tench,0.664488673210144,109,brain coral,0.9999998807907104,True,0.03137257695198059,0.017594248056411743,0.3630997077835904,0.12231139838695526,0.16536295413970947
217,n01440764,0,tench,0,tench,0.5742865800857544,203,West Highland white terrier,0.9685123562812805,True,0.03137257695198059,0.016695696860551834,0.2929127778575909,0.1382170468568802,0.1503731608390808
218,n01440764,0,tench,0,tench,0.37622204422950745,329,sea cucumber,0.9999995231628418,True,0.03137257695198059,0.017867857590317726,0.35648061543289306,0.14212262630462646,0.07585906982421875
219,n01440764,0,tench,0,tench,0.5641567707061768,395,gar,0.9999998807907104,True,0.03137257695198059,0.017956843599677086,0.2493288426514054,0.19190655648708344,0.22625142335891724
220,n01440764,0,tench,0,tench,0.6042625904083252,333,hamster,0.9999346733093262,True,0.03137257695198059,0.01780163124203682,0.14588771335780817,0.3191622197628021,0.07770615816116333
221,n01440764,0,tench,0,tench,0.26595115661621094,758,reel,1.0,True,0.03137257695198059,0.018238233402371407,0.2636379876427323,0.26349854469299316,0.5351425409317017
222,n01440764,0,tench,0,tench,0.5438850522041321,542,drumstick,0.9999630451202393,True,0.03137257695198059,0.017722629010677338,0.2871522759041654,0.13096486032009125,0.5323811173439026
223,n01440764,0,tench,0,tench,0.5732248425483704,395,gar,0.9999996423721313,True,0.03137257695198059,0.017948953434824944,0.2498386771914092,0.21344147622585297,0.10822208225727081
224,n01440764,0,tench,0,tench,0.38277122378349304,391,coho,0.9997462630271912,True,0.03137257695198059,0.01733889803290367,0.3838477343192492,0.13041797280311584,0.45402759313583374
225,n01440764,0,tench,0,tench,0.47786808013916016,514,cowboy boot,0.999901294708252,True,0.03137257695198059,0.018078181892633438,0.2765086725219445,0.11589257419109344,0.21370458602905273
226,n01440764,0,tench,0,tench,0.6069315671920776,395,gar,0.9999982118606567,True,0.03137257695198059,0.017987465485930443,0.3107404421010209,0.22000078856945038,0.5781118869781494
227,n01440764,0,tench,0,tench,0.4819983243942261,50,American alligator,0.9999750852584839,True,0.03137257695198059,0.017561664804816246,0.42632666006916314,0.13081589341163635,0.676422119140625
228,n01440764,0,tench,0,tench,0.45812252163887024,700,paper towel,0.9999866485595703,True,0.03137257695198059,0.017590925097465515,0.2540275736864964,0.1794573962688446,0.10999071598052979
229,n01440764,0,tench,0,tench,0.3953792154788971,939,zucchini,0.9999990463256836,True,0.03137257695198059,0.01784447953104973,0.2942529400308829,0.1901969164609909,0.19888663291931152
230,n01440764,0,tench,0,tench,0.4526655077934265,50,American alligator,0.9999943971633911,True,0.03137257695198059,0.018060514703392982,0.33448734987817047,0.19096152484416962,0.41393914818763733
231,n01440764,0,tench,0,tench,0.49250084161758423,796,ski mask,0.9998992681503296,True,0.03137257695198059,0.01777232252061367,0.25917673034417066,0.18951034545898438,0.1610611379146576
232,n01440764,0,tench,0,tench,0.8014194369316101,953,pineapple,0.9999998807907104,True,0.03137257695198059,0.017646970227360725,0.11266113458223863,0.15046995878219604,0.03615444526076317
233,n01440764,0,tench,0,tench,0.6041327714920044,849,teapot,0.9999078512191772,True,0.03137257695198059,0.017712144181132317,0.16440026147762893,0.18050511181354523,0.16924618184566498
234,n01440764,0,tench,0,tench,0.490693062543869,389,barracouta,0.19114476442337036,True,0.03137257695198059,0.017737464979290962,0.28775192779568287,0.15794943273067474,0.4222620129585266
235,n01440764,0,tench,0,tench,0.36444544792175293,389,barracouta,0.9997836947441101,True,0.03137257695198059,0.018380846828222275,0.2527147781868583,0.1892312914133072,0.462759405374527
237,n01440764,0,tench,0,tench,0.4595760107040405,379,howler monkey,0.9798212051391602,True,0.03137257695198059,0.017715362831950188,0.2320042198664669,0.17090904712677002,0.10218082368373871
238,n01440764,0,tench,0,tench,0.35750365257263184,397,puffer,0.9945254325866699,True,0.03137257695198059,0.017671270295977592,0.5172810187090866,0.09965579211711884,0.7356520891189575
239,n01440764,0,tench,0,tench,0.41060444712638855,655,miniskirt,0.9999978542327881,True,0.03137257695198059,0.017652221024036407,0.3472409497577061,0.115768201649189,0.23198439180850983
240,n01440764,0,tench,0,tench,0.5973524451255798,380,titi,0.9964305758476257,True,0.03137257695198059,0.017653193324804306,0.23593447601265,0.19014352560043335,0.15762996673583984
241,n01440764,0,tench,0,tench,0.5154241323471069,192,cairn,0.9997183680534363,True,0.03137257695198059,0.01787840761244297,0.18042557220130295,0.12974756956100464,0.10333659499883652
242,n01440764,0,tench,0,tench,0.6210940480232239,102,echidna,0.7916525602340698,True,0.03137257695198059,0.017797773703932762,0.2859568703590416,0.17598004639148712,0.038964707404375076
243,n01440764,0,tench,0,tench,0.4465380311012268,731,plunger,0.999997615814209,True,0.03137257695198059,0.01641889475286007,0.2666366221184939,0.17177169024944305,0.09079478681087494
244,n01440764,0,tench,0,tench,0.4357158839702606,549,envelope,0.9771373867988586,True,0.03137257695198059,0.017165793105959892,0.18551315782789904,0.25117436051368713,0.04375503212213516
245,n01440764,0,tench,0,tench,0.6070581078529358,391,coho,0.9999998807907104,True,0.03137257695198059,0.017952578142285347,0.3090042289066355,0.2122398167848587,0.47156715393066406
246,n01440764,0,tench,0,tench,0.4737796485424042,397,puffer,0.9999544620513916,True,0.03137257695198059,0.017855823040008545,0.427581203808501,0.1492398977279663,0.5986153483390808
247,n01440764,0,tench,0,tench,0.528431236743927,389,barracouta,0.999996542930603,True,0.03137257695198059,0.018066242337226868,0.35212245320780233,0.21557362377643585,0.2788999378681183
248,n01440764,0,tench,0,tench,0.4990176856517792,476,carousel,0.9985628724098206,True,0.03137257695198059,0.01783258095383644,0.3429483070559974,0.1301334947347641,0.2264867126941681
249,n01440764,0,tench,0,tench,0.4836495816707611,395,gar,0.9999959468841553,True,0.03137257695198059,0.017929697409272194,0.23843243365805428,0.14067476987838745,0.02498079091310501
250,n01440764,0,tench,0,tench,0.5200434327125549,158,toy terrier,0.9936989545822144,True,0.03137257695198059,0.017504462972283363,0.2721862693185663,0.232119619846344,0.33562764525413513
253,n01440764,0,tench,0,tench,0.5461191534996033,397,puffer,1.0,True,0.03137257695198059,0.01796848326921463,0.48343537666122066,0.11488675326108932,0.7252175211906433
254,n01440764,0,tench,0,tench,0.47556084394454956,272,coyote,0.9769043326377869,True,0.03137257695198059,0.01765364408493042,0.296646504956637,0.12234397977590561,0.06918225437402725
255,n01440764,0,tench,0,tench,0.5961494445800781,102,echidna,0.9999970197677612,True,0.03137257695198059,0.017934435978531837,0.1950051489317805,0.19340509176254272,0.3143579959869385
256,n01440764,0,tench,0,tench,0.36296597123146057,758,reel,1.0,True,0.03137257695198059,0.018193555995821953,0.27867771627982924,0.1428331434726715,0.6752694845199585
258,n01440764,0,tench,0,tench,0.4100046455860138,256,Newfoundland,0.9907576441764832,True,0.03137257695198059,0.017691297456622124,0.19891951552033363,0.18378710746765137,0.060951776802539825
259,n01440764,0,tench,0,tench,0.5796929597854614,377,marmoset,0.9548726677894592,True,0.03137257695198059,0.01757960394024849,0.3090116291938807,0.13174089789390564,0.043017398566007614
260,n01440764,0,tench,0,tench,0.4217565059661865,391,coho,0.9006537795066833,True,0.03137257695198059,0.017177218571305275,0.36957682202328834,0.1308186799287796,0.10699407011270523
261,n01440764,0,tench,0,tench,0.5072137117385864,257,Great Pyrenees,0.9983212351799011,True,0.03137257695198059,0.017585331574082375,0.20547760809914184,0.12277882546186447,0.0
262,n01440764,0,tench,0,tench,0.4943913519382477,457,bow tie,1.0,True,0.03137257695198059,0.017617695033550262,0.3063819599859255,0.14409369230270386,0.49673306941986084
263,n01440764,0,tench,0,tench,0.48477160930633545,380,titi,0.929015040397644,True,0.03137257695198059,0.017294052988290787,0.3647037958253426,0.13882306218147278,0.35034000873565674
264,n01440764,0,tench,0,tench,0.42485857009887695,395,gar,0.018349746242165565,True,0.03137257695198059,0.0183353740721941,0.24653578873715676,0.18525764346122742,0.1836119294166565
265,n01440764,0,tench,0,tench,0.3806857168674469,355,llama,0.9999828338623047,True,0.03137257695198059,0.01786247454583645,0.26257892302038643,0.15153717994689941,0.042070500552654266
266,n01440764,0,tench,0,tench,0.49119138717651367,641,maraca,1.0,True,0.03137257695198059,0.01832422986626625,0.23551494163683642,0.12067124247550964,0.6396293640136719
267,n01440764,0,tench,0,tench,0.5443984270095825,411,apron,0.039150986820459366,True,0.03137257695198059,0.01687854342162609,0.5910919005555476,0.08945313096046448,0.8383809328079224
268,n01440764,0,tench,0,tench,0.4839026927947998,219,cocker spaniel,0.9997956156730652,True,0.03137257695198059,0.01793086901307106,0.1561045882661831,0.1715826690196991,0.1201816275715828
269,n01440764,0,tench,0,tench,0.3493621349334717,793,shower cap,0.9998164772987366,True,0.03137257695198059,0.016852401196956635,0.34488450286801836,0.13755472004413605,0.5964969992637634
270,n01440764,0,tench,0,tench,0.6224600672721863,193,Australian terrier,0.9994747042655945,True,0.03137257695198059,0.01793116331100464,0.19466350179523914,0.23296596109867096,0.07130015641450882
271,n01440764,0,tench,0,tench,0.5963221788406372,187,Yorkshire terrier,0.12254347652196884,True,0.03137257695198059,0.017575964331626892,0.17028505749597336,0.19451919198036194,0.03816878795623779
272,n01440764,0,tench,0,tench,0.4237388074398041,63,Indian cobra,0.9998421669006348,True,0.03137257695198059,0.01793172024190426,0.33360636373867825,0.10014237463474274,0.7731533050537109
273,n01440764,0,tench,0,tench,0.5573797225952148,655,miniskirt,0.9988980293273926,True,0.03137257695198059,0.016556669026613235,0.43813012525084244,0.1467452496290207,0.5764040946960449
274,n01440764,0,tench,0,tench,0.42774665355682373,395,gar,1.0,True,0.03137257695198059,0.01821540854871273,0.48120854995184725,0.12258727103471756,0.47467464208602905
275,n01440764,0,tench,0,tench,0.529364824295044,955,jackfruit,0.9999587535858154,True,0.03137257695198059,0.01796191744506359,0.18232699441722672,0.25378426909446716,0.29302048683166504
276,n01440764,0,tench,0,tench,0.40456926822662354,389,barracouta,0.9992621541023254,True,0.03137257695198059,0.018372375518083572,0.3931859213780109,0.14533835649490356,0.5601931214332581
277,n01440764,0,tench,0,tench,0.36760491132736206,284,Siamese cat,0.9999566078186035,True,0.03137257695198059,0.01787540875375271,0.3155481830446563,0.11966975778341293,0.06545615196228027
278,n01440764,0,tench,0,tench,0.3540266454219818,187,Yorkshire terrier,0.7508872747421265,True,0.03137257695198059,0.017244575545191765,0.31639329203679206,0.15169420838356018,0.5470103025436401
279,n01440764,0,tench,0,tench,0.5646538138389587,251,dalmatian,0.9988605976104736,True,0.03137257695198059,0.017742319032549858,0.13281351184783777,0.22238986194133759,0.007598550990223885
280,n01440764,0,tench,0,tench,0.5105271339416504,63,Indian cobra,0.999727189540863,True,0.03137257695198059,0.01780051365494728,0.3089011408907503,0.13958068192005157,0.543264627456665
281,n01440764,0,tench,0,tench,0.40425172448158264,218,Welsh springer spaniel,0.9161430597305298,True,0.03137257695198059,0.017820140346884727,0.14309651376327479,0.21422113478183746,0.21906891465187073
282,n01440764,0,tench,0,tench,0.48489972949028015,336,marmot,0.9999767541885376,True,0.03137257695198059,0.017446784302592278,0.29484996284163634,0.12305352091789246,0.26581910252571106
283,n01440764,0,tench,0,tench,0.5713397264480591,364,three-toed sloth,0.999996542930603,True,0.03137257695198059,0.017940588295459747,0.16896458562249275,0.16688628494739532,0.32788076996803284
284,n01440764,0,tench,0,tench,0.5876349806785583,50,American alligator,0.9999690055847168,True,0.03137257695198059,0.01793188601732254,0.21607854063308166,0.15380869805812836,0.06457836925983429
285,n01440764,0,tench,0,tench,0.3719203770160675,395,gar,1.0,True,0.03137257695198059,0.017809605225920677,0.24848200050229025,0.16993491351604462,0.1381632536649704
286,n01440764,0,tench,0,tench,0.5117610096931458,391,coho,0.9993521571159363,True,0.03137257695198059,0.018025517463684082,0.45781830261450773,0.10124325007200241,0.7698250412940979
287,n01440764,0,tench,0,tench,0.6343904137611389,198,standard schnauzer,0.9962693452835083,True,0.03137257695198059,0.017897067591547966,0.0762786729285012,0.18971693515777588,0.08829331398010254
288,n01440764,0,tench,0,tench,0.44661667943000793,815,spider web,0.9998950958251953,True,0.03137257695198059,0.01762649044394493,0.20121799172308463,0.2082376927137375,0.01663915067911148
289,n01440764,0,tench,0,tench,0.5225191116333008,259,Pomeranian,0.9990084767341614,True,0.03137257695198059,0.018152577802538872,0.21817180492611252,0.21064667403697968,0.5002043843269348
290,n01440764,0,tench,0,tench,0.3871181905269623,364,three-toed sloth,0.10187602788209915,True,0.03137257695198059,0.017251497134566307,0.46373739635629113,0.10177123546600342,0.8115605711936951
291,n01440764,0,tench,0,tench,0.44680383801460266,611,jigsaw puzzle,0.9999874830245972,True,0.03137257695198059,0.016824061051011086,0.28262670044322385,0.1655077040195465,0.22471857070922852
292,n01440764,0,tench,0,tench,0.5508336424827576,389,barracouta,0.9999996423721313,True,0.03137257695198059,0.018292035907506943,0.1237072100435641,0.301472544670105,0.1339348405599594
293,n01440764,0,tench,0,tench,0.4127039313316345,377,marmoset,0.9961366057395935,True,0.03137257695198059,0.01771892048418522,0.11504469227499663,0.2808901071548462,0.0006994456052780151
294,n01440764,0,tench,0,tench,0.579984724521637,397,puffer,0.9999608993530273,True,0.03137257695198059,0.01777150295674801,0.22672182413710348,0.2147972285747528,0.1531052142381668
295,n01440764,0,tench,0,tench,0.9276965856552124,160,Afghan hound,0.9977514147758484,True,0.03137257695198059,0.017927462235093117,0.0822572760440434,0.175990030169487,0.04266119748353958
296,n01440764,0,tench,0,tench,0.5504283905029297,589,hand blower,0.9999673366546631,True,0.03137257695198059,0.01782393828034401,0.16321266916042204,0.157613605260849,0.14916716516017914
297,n01440764,0,tench,0,tench,0.482352614402771,987,corn,0.9986395239830017,True,0.03137257695198059,0.017956335097551346,0.24963675722882753,0.08379565179347992,0.7673746347427368
298,n01440764,0,tench,0,tench,0.5042147636413574,86,partridge,0.9436506628990173,True,0.03137257695198059,0.017907559871673584,0.23465989134177004,0.1722659021615982,0.24045135080814362
299,n01440764,0,tench,0,tench,0.5690813064575195,391,coho,0.9999388456344604,True,0.03137257695198059,0.017896505072712898,0.3975951701706296,0.1371178776025772,0.5241307020187378
300,n01440764,0,tench,0,tench,0.6163725256919861,364,three-toed sloth,0.999998927116394,True,0.03137257695198059,0.01812802255153656,0.16201221951058375,0.1930278241634369,0.05545566603541374
301,n01440764,0,tench,0,tench,0.5152713060379028,611,jigsaw puzzle,0.9999768733978271,True,0.03137257695198059,0.017413947731256485,0.33148870352384835,0.12248649448156357,0.16896216571331024
302,n01440764,0,tench,0,tench,0.41087016463279724,391,coho,0.9993213415145874,True,0.03137257695198059,0.018085217103362083,0.3019585811065938,0.19839151203632355,0.4184693694114685
303,n01440764,0,tench,0,tench,0.4400455057621002,758,reel,0.9999996423721313,True,0.03137257695198059,0.018294360488653183,0.09003414698541044,0.30616623163223267,0.25570517778396606
304,n01440764,0,tench,0,tench,0.5436851382255554,391,coho,0.999993085861206,True,0.03137257695198059,0.01785729080438614,0.20301593796785275,0.2132502645254135,0.23186525702476501
306,n01440764,0,tench,0,tench,0.45582902431488037,391,coho,0.9985729455947876,True,0.03137257695198059,0.018393779173493385,0.29373225231808314,0.11964890360832214,0.05946020036935806
307,n01440764,0,tench,0,tench,0.48512327671051025,36,terrapin,0.999980092048645,True,0.03137257695198059,0.01763896271586418,0.314505241282649,0.18174049258232117,0.43960338830947876
308,n01440764,0,tench,0,tench,0.48542720079421997,86,partridge,0.5658361911773682,True,0.03137257695198059,0.017764247953891754,0.3183653511139585,0.15166185796260834,0.43768781423568726
309,n01440764,0,tench,0,tench,0.5283125638961792,391,coho,0.9999092817306519,True,0.03137257695198059,0.01795896142721176,0.2726867613994631,0.15795451402664185,0.12384216487407684
311,n01440764,0,tench,0,tench,0.5452318787574768,151,Chihuahua,0.999427080154419,True,0.03137257695198059,0.01724890246987343,0.408808312960595,0.09492023289203644,0.6625766158103943
312,n01440764,0,tench,0,tench,0.6490755081176758,395,gar,0.9998865127563477,True,0.03137257695198059,0.017488958314061165,0.34129272766880675,0.24422548711299896,0.6272210478782654
313,n01440764,0,tench,0,tench,0.35518404841423035,970,alp,0.9212824106216431,True,0.03137257695198059,0.017954174429178238,0.15550637604461726,0.1674615442752838,0.12381543964147568
314,n01440764,0,tench,0,tench,0.4155244827270508,372,baboon,0.9999898672103882,True,0.03137257695198059,0.017780715599656105,0.4554465311287162,0.11722185462713242,0.16690750420093536
315,n01440764,0,tench,0,tench,0.5198743939399719,182,Border terrier,0.9996331930160522,True,0.03137257695198059,0.017789717763662338,0.323742119596075,0.15357667207717896,0.4259430766105652
316,n01440764,0,tench,0,tench,0.3662886619567871,329,sea cucumber,1.0,True,0.03137257695198059,0.017258958891034126,0.4309939229399316,0.14962060749530792,0.6223606467247009
317,n01440764,0,tench,0,tench,0.30692827701568604,391,coho,0.9999958276748657,True,0.03137257695198059,0.017946314066648483,0.3877386755385187,0.1982039362192154,0.32944196462631226
318,n01440764,0,tench,0,tench,0.5330331921577454,970,alp,0.9452585577964783,True,0.03137257695198059,0.017390312626957893,0.2714117330221402,0.12432270497083664,0.00573364645242691
319,n01440764,0,tench,0,tench,0.6029484868049622,731,plunger,1.0,True,0.03137257695198059,0.017956778407096863,0.2653746850654365,0.14974913001060486,0.2905537784099579
320,n01440764,0,tench,0,tench,0.4348963499069214,285,Egyptian cat,0.9999611377716064,True,0.03137257695198059,0.017513971775770187,0.3832200398938903,0.1435776948928833,0.15995502471923828
321,n01440764,0,tench,0,tench,0.523169219493866,382,squirrel monkey,0.8461996912956238,True,0.03137257695198059,0.017745262011885643,0.5236821849081119,0.11768162250518799,0.7189475297927856
322,n01440764,0,tench,0,tench,0.48054373264312744,192,cairn,0.15482647716999054,True,0.03137257695198059,0.017820926383137703,0.2070262188274103,0.12049957364797592,0.12105622887611389
323,n01440764,0,tench,0,tench,0.5363583564758301,641,maraca,0.9999998807907104,True,0.03137257695198059,0.01782514713704586,0.12973691514787314,0.17779120802879333,0.10496848821640015
324,n01440764,0,tench,0,tench,0.5692906379699707,715,pickelhaube,0.15227831900119781,True,0.03137257695198059,0.017717640846967697,0.2374542675990801,0.26299339532852173,0.5705010294914246
325,n01440764,0,tench,0,tench,0.49167612195014954,395,gar,0.9997817873954773,True,0.03137257695198059,0.01864640600979328,0.27889392497864673,0.14731672406196594,0.6026634573936462
326,n01440764,0,tench,0,tench,0.5318917632102966,389,barracouta,0.9990193843841553,True,0.03137257695198059,0.017981089651584625,0.21997809207023167,0.21398240327835083,0.08525952696800232
327,n01440764,0,tench,0,tench,0.44385865330696106,363,armadillo,0.9999998807907104,True,0.03137257695198059,0.017642024904489517,0.24222479918205736,0.2323250025510788,0.2692221999168396
328,n01440764,0,tench,0,tench,0.51209557056427,816,spindle,0.9999966621398926,True,0.03137257695198059,0.017705459147691727,0.3301235602628499,0.1810433715581894,0.3350697159767151
329,n01440764,0,tench,0,tench,0.43364185094833374,67,diamondback,0.9809921383857727,True,0.03137257695198059,0.017874594777822495,0.23274117375240008,0.20370903611183167,0.12502656877040863
330,n01440764,0,tench,0,tench,0.5199402570724487,151,Chihuahua,0.9862030744552612,True,0.03137257695198059,0.01758623868227005,0.3047697607858262,0.19771797955036163,0.47734370827674866
331,n01440764,0,tench,0,tench,0.5712558031082153,391,coho,0.9997082352638245,True,0.03137257695198059,0.017569072544574738,0.3937037211035274,0.1162973940372467,0.37558385729789734
332,n01440764,0,tench,0,tench,0.40180301666259766,796,ski mask,0.9989099502563477,True,0.03137257695198059,0.018039267510175705,0.20465772567066953,0.1247355192899704,0.5304561257362366
333,n01440764,0,tench,0,tench,0.6070355176925659,328,sea urchin,1.0,True,0.03137257695198059,0.017958343029022217,0.2749162775687303,0.20046018064022064,0.19507810473442078
334,n01440764,0,tench,0,tench,0.4705370366573334,223,schipperke,0.04404116049408913,True,0.03137257695198059,0.016703203320503235,0.2913224076802752,0.18909306824207306,0.13571660220623016
335,n01440764,0,tench,0,tench,0.45027250051498413,364,three-toed sloth,0.9999885559082031,True,0.03137257695198059,0.017850462347269058,0.295161461233887,0.16225019097328186,0.4177033305168152
336,n01440764,0,tench,0,tench,0.4069812595844269,84,peacock,0.9999507665634155,True,0.03137257695198059,0.017859753221273422,0.18744729194110768,0.23366957902908325,0.2529459595680237
337,n01440764,0,tench,0,tench,0.6224995851516724,224,groenendael,0.999790608882904,True,0.03137257695198059,0.018365100026130676,0.34656126883520866,0.1181471198797226,0.723859965801239
338,n01440764,0,tench,0,tench,0.5553569793701172,862,torch,0.9999992847442627,True,0.03137257695198059,0.017531925812363625,0.3340848286465788,0.16791318356990814,0.40003296732902527
339,n01440764,0,tench,0,tench,0.49839091300964355,389,barracouta,0.924107015132904,True,0.03137257695198059,0.0179345291107893,0.27822785158699603,0.2099153995513916,0.10720515996217728
341,n01440764,0,tench,0,tench,0.4573057293891907,970,alp,0.01407655980437994,True,0.03137257695198059,0.01838664524257183,0.21531631008198718,0.19888074696063995,0.1974792778491974
342,n01440764,0,tench,0,tench,0.5951982140541077,998,ear,0.5105598568916321,True,0.03137257695198059,0.017712635919451714,0.2231276500722393,0.21768765151500702,0.44613832235336304
343,n01440764,0,tench,0,tench,0.4620094299316406,452,bonnet,0.999997615814209,True,0.03137257695198059,0.017993178218603134,0.219658712175067,0.21742123365402222,0.10518816113471985
344,n01440764,0,tench,0,tench,0.5834844708442688,389,barracouta,0.8664209842681885,True,0.03137257695198059,0.01787411980330944,0.29859035494158703,0.2044920176267624,0.5330490469932556
345,n01440764,0,tench,0,tench,0.6181856989860535,61,boa constrictor,0.999944806098938,True,0.03137257695198059,0.01806063763797283,0.15561949712189463,0.27232712507247925,0.22901666164398193
346,n01440764,0,tench,0,tench,0.5586513876914978,377,marmoset,0.9992517828941345,True,0.03137257695198059,0.017669808119535446,0.13655247807353732,0.2526702880859375,0.3014051914215088
347,n01440764,0,tench,0,tench,0.5070174932479858,364,three-toed sloth,0.9998294115066528,True,0.03137257695198059,0.017729010432958603,0.3164942965602426,0.12266010046005249,0.7035859823226929
348,n01440764,0,tench,0,tench,0.33145102858543396,389,barracouta,0.9997062087059021,True,0.03137257695198059,0.01773667335510254,0.4184521654559759,0.13805928826332092,0.5615129470825195
349,n01440764,0,tench,0,tench,0.5593369007110596,50,American alligator,0.9998401403427124,True,0.03137257695198059,0.01776014268398285,0.4504703537632694,0.12148761004209518,0.7177157402038574
350,n01440764,0,tench,0,tench,0.4376041293144226,265,toy poodle,0.9122347831726074,True,0.03137257695198059,0.017920339480042458,0.37427908354275574,0.1306285709142685,0.12100270390510559
351,n01440764,0,tench,0,tench,0.47313693165779114,364,three-toed sloth,0.9999920129776001,True,0.03137257695198059,0.01790771260857582,0.39281346234738385,0.07764943689107895,0.5923537611961365
352,n01440764,0,tench,0,tench,0.45032456517219543,39,common iguana,0.9999988079071045,True,0.03137257695198059,0.017963098362088203,0.19873922602711505,0.21287213265895844,0.17892460525035858
353,n01440764,0,tench,0,tench,0.2244395762681961,34,leatherback turtle,0.9999947547912598,True,0.03137257695198059,0.017648175358772278,0.2781555206646151,0.19541893899440765,0.5305904150009155
354,n01440764,0,tench,0,tench,0.5427210330963135,943,cucumber,0.9999363422393799,True,0.03137257695198059,0.01746639609336853,0.45443006688135384,0.09295620024204254,0.408460408449173
355,n01440764,0,tench,0,tench,0.4549814760684967,212,English setter,0.9999918937683105,True,0.03137257695198059,0.017802085727453232,0.3137797686295484,0.13329114019870758,0.11857163906097412
356,n01440764,0,tench,0,tench,0.5703787207603455,568,fur coat,0.9941125512123108,True,0.03137257695198059,0.017765304073691368,0.14697290090428058,0.17150495946407318,0.2960924804210663
357,n01440764,0,tench,0,tench,0.5477612018585205,203,West Highland white terrier,0.8536722660064697,True,0.03137257695198059,0.017782675102353096,0.18985804705777265,0.16878661513328552,0.06297460198402405
358,n01440764,0,tench,0,tench,0.6242973804473877,192,cairn,0.999980092048645,True,0.03137257695198059,0.017927639186382294,0.3054267912420318,0.14057306945323944,0.22447006404399872
359,n01440764,0,tench,0,tench,0.6784647703170776,381,spider monkey,0.9997723698616028,True,0.03137257695198059,0.01777762733399868,0.08029528046996871,0.30019789934158325,0.2404489517211914
360,n01440764,0,tench,0,tench,0.4864428639411926,86,partridge,0.9703003168106079,True,0.03137257695198059,0.017845654860138893,0.4312836753582237,0.1276220828294754,0.7283704280853271
361,n01440764,0,tench,0,tench,0.46680691838264465,256,Newfoundland,0.9061565399169922,True,0.03137257695198059,0.018140967935323715,0.2683197669579951,0.17174455523490906,0.3865080773830414
362,n01440764,0,tench,0,tench,0.4907546639442444,411,apron,0.999974250793457,True,0.03137257695198059,0.01716046780347824,0.4127188026129911,0.10201797634363174,0.5680715441703796
363,n01440764,0,tench,0,tench,0.6042700409889221,903,wig,0.9997374415397644,True,0.03137257695198059,0.017412161454558372,0.27112906987922203,0.144865483045578,0.060457728803157806
364,n01440764,0,tench,0,tench,0.41788163781166077,397,puffer,0.9999923706054688,True,0.03137257695198059,0.01741921901702881,0.34628754792579153,0.1653526872396469,0.5190982222557068
365,n01440764,0,tench,0,tench,0.5962230563163757,257,Great Pyrenees,0.6435915231704712,True,0.03137257695198059,0.01639862172305584,0.2548832299209951,0.12648551166057587,0.022790180519223213
366,n01440764,0,tench,0,tench,0.48838725686073303,199,Scotch terrier,0.9996957778930664,True,0.03137257695198059,0.017902003601193428,0.12564273339346135,0.2006308138370514,0.3357817530632019
367,n01440764,0,tench,0,tench,0.5080070495605469,124,crayfish,0.9999769926071167,True,0.03137257695198059,0.0179637148976326,0.2521577415804784,0.19589665532112122,0.12378078699111938
368,n01440764,0,tench,0,tench,0.5736439228057861,937,broccoli,0.9999998807907104,True,0.03137257695198059,0.017610326409339905,0.3059726406291974,0.14178204536437988,0.09690152853727341
369,n01440764,0,tench,0,tench,0.40897607803344727,397,puffer,0.9999959468841553,True,0.03137257695198059,0.017439361661672592,0.43266946381596394,0.14980660378932953,0.45403820276260376
371,n01440764,0,tench,0,tench,0.40219369530677795,86,partridge,0.8330637812614441,True,0.03137257695198059,0.017477665096521378,0.1775076512090366,0.19580993056297302,0.27897119522094727
372,n01440764,0,tench,0,tench,0.5090847015380859,367,chimpanzee,0.9949581027030945,True,0.03137257695198059,0.017869211733341217,0.19800155439117417,0.1783658266067505,0.10292600095272064
373,n01440764,0,tench,0,tench,0.4786258935928345,395,gar,0.9999494552612305,True,0.03137257695198059,0.01824108697474003,0.2536943903333682,0.2222227305173874,0.4352922737598419
374,n01440764,0,tench,0,tench,0.4462810456752777,394,sturgeon,0.9999599456787109,True,0.03137257695198059,0.01777118444442749,0.24223469395263328,0.20429889857769012,0.09112519770860672
375,n01440764,0,tench,0,tench,0.3913494348526001,281,tabby,0.9586599469184875,True,0.03137257695198059,0.017634572461247444,0.27383544150461,0.1824473738670349,0.013684669509530067
376,n01440764,0,tench,0,tench,0.33112627267837524,796,ski mask,0.9986268281936646,True,0.03137257695198059,0.017806390300393105,0.2499393311581802,0.20980247855186462,0.03311615064740181
377,n01440764,0,tench,0,tench,0.4685054123401642,389,barracouta,0.989861249923706,True,0.03137257695198059,0.01874464750289917,0.29636872042566487,0.16661441326141357,0.26214858889579773
379,n01440764,0,tench,0,tench,0.5506384372711182,955,jackfruit,0.9972677230834961,True,0.03137257695198059,0.01785682514309883,0.2759939629162176,0.17901286482810974,0.36604321002960205
380,n01440764,0,tench,0,tench,0.5345333814620972,955,jackfruit,0.99997878074646,True,0.03137257695198059,0.01785208471119404,0.18682480358021886,0.22434531152248383,0.06531645357608795
381,n01440764,0,tench,0,tench,0.5267793536186218,227,kelpie,0.9961561560630798,True,0.03137257695198059,0.017648819833993912,0.1653655299087149,0.2561964690685272,0.29650604724884033
382,n01440764,0,tench,0,tench,0.6138318777084351,461,breastplate,0.9999998807907104,True,0.03137257695198059,0.017723988741636276,0.4568608027997066,0.09656401723623276,0.5567264556884766
383,n01440764,0,tench,0,tench,0.44049614667892456,86,partridge,0.9886800050735474,True,0.03137257695198059,0.017513958737254143,0.4330347341240704,0.09607929736375809,0.4295819103717804
384,n01440764,0,tench,0,tench,0.4788551926612854,151,Chihuahua,0.9991458654403687,True,0.03137257695198059,0.01689564436674118,0.2532399781436959,0.16073612868785858,0.06706591695547104
385,n01440764,0,tench,0,tench,0.43012890219688416,51,triceratops,0.9999977350234985,True,0.03137257695198059,0.017779404297471046,0.2890956035309826,0.17177923023700714,0.3696975111961365
386,n01440764,0,tench,0,tench,0.6496090888977051,442,bell cote,0.9999241828918457,True,0.03137257695198059,0.017933210358023643,0.23825302773932203,0.11165525764226913,0.6090880632400513
387,n02102040,217,English springer,217,English springer,0.5880430340766907,187,Yorkshire terrier,0.9991389513015747,True,0.03137257695198059,0.018056681379675865,0.018181446677138988,0.3882908821105957,0.0
388,n02102040,217,English springer,217,English springer,0.5530332326889038,240,Appenzeller,0.9985985159873962,True,0.03137257695198059,0.01812867447733879,0.19307453404711716,0.16981405019760132,0.004462093114852905
389,n02102040,217,English springer,217,English springer,0.437526136636734,673,mouse,0.9999997615814209,True,0.03137257695198059,0.017659125849604607,0.3056528000221576,0.18776176869869232,0.03484981134533882
390,n02102040,217,English springer,217,English springer,0.42019397020339966,700,paper towel,0.9985563158988953,True,0.03137257695198059,0.017990021035075188,0.24574427250603834,0.1899869740009308,0.4203803539276123
391,n02102040,217,English springer,217,English springer,0.29244422912597656,194,Dandie Dinmont,0.9913512468338013,True,0.03137257695198059,0.0179655309766531,0.14951397388996795,0.18380697071552277,0.1493007242679596
392,n02102040,217,English springer,217,English springer,0.5716322064399719,230,Shetland sheepdog,0.999413251876831,True,0.03137257695198059,0.017344973981380463,0.2910010355128713,0.1849346160888672,0.55415278673172
393,n02102040,217,English springer,217,English springer,0.5153635144233704,539,doormat,1.0,True,0.03137257695198059,0.01798320934176445,0.28620897589969807,0.12250397354364395,0.6854578256607056
394,n02102040,217,English springer,217,English springer,0.30259865522384644,173,Ibizan hound,0.9993854761123657,True,0.03137257695198059,0.017953023314476013,0.3096507854367879,0.12120183557271957,0.08656582981348038
395,n02102040,217,English springer,217,English springer,0.16439056396484375,8,hen,0.9916797280311584,True,0.03137257695198059,0.018289461731910706,0.4270230740359977,0.11799473315477371,0.07290522754192352
396,n02102040,217,English springer,217,English springer,0.5196754932403564,898,water bottle,0.9999501705169678,True,0.03137257695198059,0.017599141225218773,0.37731641304180963,0.1642075628042221,0.2101563811302185
397,n02102040,217,English springer,217,English springer,0.3633376657962799,171,Italian greyhound,0.999790370464325,True,0.03137257695198059,0.017969971522688866,0.2632464523556098,0.1540662795305252,0.023809831589460373
398,n02102040,217,English springer,217,English springer,0.4294435977935791,852,tennis ball,1.0,True,0.03137257695198059,0.017643341794610023,0.25133454355855983,0.1944277435541153,0.09300471842288971
399,n02102040,217,English springer,217,English springer,0.5314092636108398,215,Brittany spaniel,0.9986464381217957,True,0.03137257695198059,0.01791057363152504,0.12412436592003195,0.29143011569976807,0.41663286089897156
400,n02102040,217,English springer,217,English springer,0.5249282121658325,700,paper towel,0.9962594509124756,True,0.03137257695198059,0.017807794734835625,0.2789398760622714,0.18856525421142578,0.49051156640052795
401,n02102040,217,English springer,217,English springer,0.4917066693305969,201,silky terrier,0.9997044205665588,True,0.03137257695198059,0.018200034275650978,0.0931205879121787,0.12673906981945038,0.0
402,n02102040,217,English springer,217,English springer,0.3742649257183075,152,Japanese spaniel,0.9303297996520996,True,0.03137257695198059,0.017845114693045616,0.33421228643831286,0.1382235288619995,0.012943314388394356
403,n02102040,217,English springer,217,English springer,0.3834790885448456,267,standard poodle,0.9993725419044495,True,0.03137257695198059,0.017309973016381264,0.212217435616512,0.23317153751850128,0.2156076431274414
404,n02102040,217,English springer,217,English springer,0.49440130591392517,676,muzzle,0.999707043170929,True,0.03137257695198059,0.017844757065176964,0.18667773757438652,0.23716525733470917,0.38648518919944763
405,n02102040,217,English springer,217,English springer,0.11933089792728424,797,sleeping bag,1.0,True,0.03137257695198059,0.01765984296798706,0.2943046550989761,0.13327276706695557,0.6329011917114258
406,n02102040,217,English springer,217,English springer,0.36543866991996765,218,Welsh springer spaniel,0.993073046207428,True,0.03137257695198059,0.018035463988780975,0.33404825421858375,0.15145669877529144,0.16134798526763916
407,n02102040,217,English springer,217,English springer,0.35076767206192017,212,English setter,0.9999812841415405,True,0.03137257695198059,0.018134184181690216,0.25448744037544574,0.18779489398002625,0.22891797125339508
408,n02102040,217,English springer,217,English springer,0.5632787942886353,218,Welsh springer spaniel,0.9983150959014893,True,0.03137257695198059,0.018549056723713875,0.05745596857507338,0.2829517126083374,0.013860577717423439
409,n02102040,217,English springer,217,English springer,0.47515419125556946,232,Border collie,0.98678058385849,True,0.03137257695198059,0.017868252471089363,0.43920847748844694,0.17364923655986786,0.11188413947820663
410,n02102040,217,English springer,217,English springer,0.45379188656806946,156,Blenheim spaniel,0.5653085112571716,True,0.03137257695198059,0.017846200615167618,0.23465373798643427,0.16627739369869232,0.11622631549835205
411,n02102040,217,English springer,217,English springer,0.3157816231250763,543,dumbbell,1.0,True,0.03137257695198059,0.017414018511772156,0.26067606048789593,0.1672801524400711,0.19239398837089539
412,n02102040,217,English springer,217,English springer,0.7483131885528564,264,Cardigan,0.9999886751174927,True,0.03137257695198059,0.018243802711367607,0.1193153515481899,0.2973010540008545,0.19556578993797302
413,n02102040,217,English springer,217,English springer,0.2978345453739166,156,Blenheim spaniel,0.9997269511222839,True,0.03137257695198059,0.01811891607940197,0.319663520966395,0.15215349197387695,0.014290433377027512
414,n02102040,217,English springer,217,English springer,0.400335431098938,700,paper towel,0.9999995231628418,True,0.03137257695198059,0.01760968752205372,0.33002737331886084,0.13885149359703064,0.318523645401001
415,n02102040,217,English springer,217,English springer,0.27900710701942444,200,Tibetan terrier,0.999332845211029,True,0.03137257695198059,0.01822218857705593,0.1765840814147047,0.2324734926223755,0.24171417951583862
416,n02102040,217,English springer,217,English springer,0.38735708594322205,187,Yorkshire terrier,0.9885849356651306,True,0.03137257695198059,0.018151437863707542,0.3801489511739888,0.10858136415481567,0.009019436314702034
417,n02102040,217,English springer,217,English springer,0.5208718776702881,247,Saint Bernard,0.9994988441467285,True,0.03137257695198059,0.018078375607728958,0.3056527137357205,0.14415688812732697,0.5599498748779297
418,n02102040,217,English springer,217,English springer,0.12778539955615997,192,cairn,0.9999674558639526,True,0.03137257695198059,0.018114060163497925,0.22478347706838506,0.17512920498847961,0.014699404127895832
419,n02102040,217,English springer,217,English springer,0.42759257555007935,231,collie,0.9866873621940613,True,0.03137257695198059,0.01768009550869465,0.16477343045991366,0.2410159856081009,0.5312197804450989
420,n02102040,217,English springer,217,English springer,0.37754353880882263,267,standard poodle,0.9999232292175293,True,0.03137257695198059,0.017753291875123978,0.17684022394890858,0.20148447155952454,0.05124939605593681
421,n02102040,217,English springer,217,English springer,0.4746220111846924,155,Shih-Tzu,0.9960594177246094,True,0.03137257695198059,0.017971863970160484,0.17371537348214605,0.25221410393714905,0.1333668828010559
422,n02102040,217,English springer,217,English springer,0.45129886269569397,218,Welsh springer spaniel,0.9798998236656189,True,0.03137257695198059,0.017708387225866318,0.20314678528742683,0.2067735493183136,0.0
423,n02102040,217,English springer,217,English springer,0.42957305908203125,160,Afghan hound,0.9999390840530396,True,0.03137257695198059,0.01775585114955902,0.2854903512790846,0.2093818485736847,0.10244304686784744
424,n02102040,217,English springer,217,English springer,0.33457186818122864,244,Tibetan mastiff,0.9984246492385864,True,0.03137257695198059,0.017732324078679085,0.2105412038838606,0.26530301570892334,0.14076128602027893
425,n02102040,217,English springer,217,English springer,0.6329916715621948,256,Newfoundland,0.999722421169281,True,0.03137257695198059,0.017595086246728897,0.0984204098800096,0.288013756275177,0.06658084690570831
428,n02102040,217,English springer,217,English springer,0.5794373750686646,239,Bernese mountain dog,0.9989433884620667,True,0.03137257695198059,0.01814233511686325,0.5120609318665623,0.09821546077728271,0.04995335638523102
429,n02102040,217,English springer,217,English springer,0.09934423118829727,173,Ibizan hound,0.9999215602874756,True,0.03137257695198059,0.018123986199498177,0.06561682999547729,0.1521047055721283,0.0
430,n02102040,217,English springer,217,English springer,0.3616831302642822,201,silky terrier,0.9912999272346497,True,0.03137257695198059,0.017781231552362442,0.36437676181235473,0.12633900344371796,0.0012023759773001075
431,n02102040,217,English springer,217,English springer,0.5011916756629944,215,Brittany spaniel,0.9928372502326965,True,0.03137257695198059,0.01891261897981167,0.16211965380629514,0.16605111956596375,0.008073128759860992
433,n02102040,217,English springer,217,English springer,0.5184961557388306,731,plunger,1.0,True,0.03137257695198059,0.01811714842915535,0.2094875932434985,0.12343966960906982,0.0
434,n02102040,217,English springer,217,English springer,0.41627082228660583,567,frying pan,0.9999982118606567,True,0.03137257695198059,0.017980333417654037,0.12846113977318876,0.24300061166286469,0.21487605571746826
435,n02102040,217,English springer,217,English springer,0.17483624815940857,176,Saluki,0.9974201917648315,True,0.03137257695198059,0.01831192523241043,0.2764536533361617,0.1358882635831833,0.03762401267886162
436,n02102040,217,English springer,217,English springer,0.2614987790584564,175,otterhound,0.9995742440223694,True,0.03137257695198059,0.018107591196894646,0.21155808499879233,0.20931480824947357,0.0
437,n02102040,217,English springer,217,English springer,0.6223396062850952,257,Great Pyrenees,0.9984288811683655,True,0.03137257695198059,0.01787172071635723,0.43787974765345944,0.07411156594753265,0.38247817754745483
438,n02102040,217,English springer,217,English springer,0.6013700366020203,787,shield,0.9999619722366333,True,0.03137257695198059,0.017942683771252632,0.12067928526702941,0.12500303983688354,0.636628270149231
439,n02102040,217,English springer,217,English springer,0.38184112310409546,984,rapeseed,0.9999409914016724,True,0.03137257695198059,0.018028676509857178,0.41333776164898983,0.13593646883964539,0.31397464871406555
440,n02102040,217,English springer,217,English springer,0.47518888115882874,805,soccer ball,1.0,True,0.03137257695198059,0.018149929121136665,0.3876331670590774,0.09133642911911011,0.08823683112859726
441,n02102040,217,English springer,217,English springer,0.46693724393844604,218,Welsh springer spaniel,0.9998001456260681,True,0.03137257695198059,0.017864633351564407,0.19642140683155185,0.17963823676109314,0.04453826695680618
442,n02102040,217,English springer,217,English springer,0.5456719398498535,539,doormat,1.0,True,0.03137257695198059,0.01814538985490799,0.2942000993240248,0.16565315425395966,0.25933414697647095
443,n02102040,217,English springer,217,English springer,0.5494335293769836,157,papillon,0.9999773502349854,True,0.03137257695198059,0.018009450286626816,0.1923422217083099,0.2137226015329361,0.1715303659439087
444,n02102040,217,English springer,217,English springer,0.17299465835094452,253,basenji,0.9999984502792358,True,0.03137257695198059,0.01773981750011444,0.4293954651339782,0.09827832877635956,0.4158225357532501
445,n02102040,217,English springer,217,English springer,0.40854552388191223,361,skunk,0.9999998807907104,True,0.03137257695198059,0.01746445521712303,0.3388111755927762,0.17700797319412231,0.27070003747940063
446,n02102040,217,English springer,217,English springer,0.5838420987129211,158,toy terrier,0.9160400032997131,True,0.03137257695198059,0.017733726650476456,0.5031573316258418,0.05645491182804108,0.7887982726097107
447,n02102040,217,English springer,217,English springer,0.2877134680747986,700,paper towel,0.9999551773071289,True,0.03137257695198059,0.01779971458017826,0.3947939330850202,0.16779987514019012,0.6356461048126221
448,n02102040,217,English springer,217,English springer,0.6118876338005066,700,paper towel,0.999997615814209,True,0.03137257695198059,0.01799037680029869,0.23541992862342917,0.11272509396076202,0.0
449,n02102040,217,English springer,217,English springer,0.43175452947616577,218,Welsh springer spaniel,0.9987939596176147,True,0.03137257695198059,0.018017996102571487,0.12040907275304238,0.28396114706993103,0.20893366634845734
450,n02102040,217,English springer,217,English springer,0.4140024483203888,785,seat belt,1.0,True,0.03137257695198059,0.018014229834079742,0.1688533986919105,0.2195199877023697,0.10062903165817261
451,n02102040,217,English springer,217,English springer,0.5634790062904358,187,Yorkshire terrier,0.9997890591621399,True,0.03137257695198059,0.018187955021858215,0.15122244674640437,0.17444933950901031,0.3691200911998749
452,n02102040,217,English springer,217,English springer,0.38896191120147705,169,borzoi,0.9999948740005493,True,0.03137257695198059,0.018014252185821533,0.27023153063161975,0.172909215092659,0.0
453,n02102040,217,English springer,217,English springer,0.5850475430488586,700,paper towel,0.9864280819892883,True,0.03137257695198059,0.018261754885315895,0.25259598511665937,0.1497078686952591,0.002505991607904434
454,n02102040,217,English springer,217,English springer,0.4927463233470917,700,paper towel,0.9974591135978699,True,0.03137257695198059,0.017654351890087128,0.04631617547154414,0.3063980042934418,0.4101373553276062
455,n02102040,217,English springer,217,English springer,0.574637770652771,169,borzoi,0.9999983310699463,True,0.03137257695198059,0.017976080998778343,0.09746448932160136,0.20366936922073364,0.08833235502243042
456,n02102040,217,English springer,217,English springer,0.46150198578834534,219,cocker spaniel,0.6809981465339661,True,0.03137257695198059,0.018146565183997154,0.10176325181774129,0.2765144407749176,0.3162386417388916
457,n02102040,217,English springer,217,English springer,0.49273237586021423,151,Chihuahua,0.9999964237213135,True,0.03137257695198059,0.017818579450249672,0.2996172179608216,0.1726871281862259,0.34688591957092285
458,n02102040,217,English springer,217,English springer,0.40356433391571045,256,Newfoundland,0.999421238899231,True,0.03137257695198059,0.017786800861358643,0.1658672118209433,0.20347775518894196,0.07955396175384521
459,n02102040,217,English springer,217,English springer,0.4791601598262787,247,Saint Bernard,0.9998568296432495,True,0.03137257695198059,0.018181532621383667,0.3226620585299819,0.1470784991979599,0.5788282155990601
460,n02102040,217,English springer,217,English springer,0.47506803274154663,166,Walker hound,0.9861313104629517,True,0.03137257695198059,0.017655977979302406,0.3212219314918506,0.1073400229215622,0.6971824169158936
461,n02102040,217,English springer,217,English springer,0.7127673029899597,805,soccer ball,0.9999996423721313,True,0.03137257695198059,0.018007947131991386,0.39802699635294,0.0832543894648552,0.6790499091148376
462,n02102040,217,English springer,217,English springer,0.3120693862438202,173,Ibizan hound,0.9998873472213745,True,0.03137257695198059,0.01780756749212742,0.17379360769722357,0.22565345466136932,0.31135258078575134
463,n02102040,217,English springer,217,English springer,0.5671950578689575,208,Labrador retriever,0.996049702167511,True,0.03137257695198059,0.017541944980621338,0.37714542346428837,0.12288683652877808,0.6502060294151306
464,n02102040,217,English springer,217,English springer,0.21057620644569397,856,thresher,0.9999051094055176,True,0.03137257695198059,0.01815478317439556,0.09409975829851512,0.294800341129303,0.0009929233929142356
465,n02102040,217,English springer,217,English springer,0.5518812537193298,256,Newfoundland,0.9999994039535522,True,0.03137257695198059,0.018255099654197693,0.5256175442234237,0.09905382990837097,0.7528197765350342
466,n02102040,217,English springer,217,English springer,0.3049239218235016,309,bee,0.9999828338623047,True,0.03137257695198059,0.018235746771097183,0.12664519282743872,0.10205632448196411,0.0473199300467968
467,n02102040,217,English springer,217,English springer,0.3532532751560211,193,Australian terrier,1.0,True,0.03137257695198059,0.01818135567009449,0.38195592661819094,0.14651347696781158,0.7061023712158203
468,n02102040,217,English springer,217,English springer,0.4725174605846405,257,Great Pyrenees,0.999964714050293,True,0.03137257695198059,0.01763181947171688,0.197034313667649,0.22884847223758698,0.0949767604470253
469,n02102040,217,English springer,217,English springer,0.41705432534217834,173,Ibizan hound,0.9977541565895081,True,0.03137257695198059,0.01739148423075676,0.16337883592914615,0.2390943318605423,0.03361927345395088
470,n02102040,217,English springer,217,English springer,0.3159693777561188,463,bucket,1.0,True,0.03137257695198059,0.01796417310833931,0.26897895438958663,0.16851462423801422,0.06075819581747055
471,n02102040,217,English springer,217,English springer,0.4448082149028778,219,cocker spaniel,0.999394416809082,True,0.03137257695198059,0.01777486689388752,0.36837837831159037,0.21013642847537994,0.36244598031044006
472,n02102040,217,English springer,217,English springer,0.48378893733024597,761,remote control,0.9996379613876343,True,0.03137257695198059,0.017711054533720016,0.5061402733054234,0.07832631468772888,0.6754401326179504
473,n02102040,217,English springer,217,English springer,0.4247347414493561,218,Welsh springer spaniel,0.9986034035682678,True,0.03137257695198059,0.01803692989051342,0.1858016120964038,0.18399783968925476,0.32389354705810547
474,n02102040,217,English springer,217,English springer,0.16368253529071808,220,Sussex spaniel,0.9826518297195435,True,0.03137257695198059,0.018303798511624336,0.1744060674861721,0.18582701683044434,0.009978819638490677
476,n02102040,217,English springer,217,English springer,0.5070105791091919,722,ping-pong ball,1.0,True,0.03137257695198059,0.018239200115203857,0.20279812638444566,0.14155659079551697,0.04073292016983032
477,n02102040,217,English springer,217,English springer,0.21651579439640045,700,paper towel,0.9999990463256836,True,0.03137257695198059,0.0178840309381485,0.2970263456492795,0.1633007824420929,0.20194143056869507
478,n02102040,217,English springer,217,English springer,0.31431010365486145,177,Scottish deerhound,0.9999270439147949,True,0.03137257695198059,0.0177196953445673,0.2899319519764336,0.1826592981815338,0.10417276620864868
479,n02102040,217,English springer,217,English springer,0.5071408748626709,155,Shih-Tzu,0.9915071129798889,True,0.03137257695198059,0.017848961055278778,0.25587176284106244,0.20249269902706146,0.2867281436920166
480,n02102040,217,English springer,217,English springer,0.3081103265285492,216,clumber,0.9985296726226807,True,0.03137257695198059,0.017199356108903885,0.2760520930746219,0.18213507533073425,0.4049321115016937
481,n02102040,217,English springer,217,English springer,0.41619324684143066,247,Saint Bernard,0.9999618530273438,True,0.03137257695198059,0.017978446558117867,0.36894127942264326,0.155283123254776,0.68893963098526
482,n02102040,217,English springer,217,English springer,0.4704698920249939,256,Newfoundland,0.9999971389770508,True,0.03137257695198059,0.017943434417247772,0.4568620967820255,0.12518291175365448,0.5078365802764893
483,n02102040,217,English springer,217,English springer,0.326030433177948,805,soccer ball,0.9999223947525024,True,0.03137257695198059,0.018313158303499222,0.12277056128284959,0.17465578019618988,0.19774945080280304
484,n02102040,217,English springer,217,English springer,0.7210001945495605,239,Bernese mountain dog,0.9978984594345093,True,0.03137257695198059,0.0179643202573061,0.32444140430751195,0.07972073554992676,0.7728891968727112
485,n02102040,217,English springer,217,English springer,0.5874845385551453,204,Lhasa,0.9991225600242615,True,0.03137257695198059,0.018032826483249664,0.10361660329567779,0.20013009011745453,0.0
486,n02102040,217,English springer,217,English springer,0.2899395525455475,170,Irish wolfhound,0.9993876218795776,True,0.03137257695198059,0.01762416772544384,0.19134530885339093,0.23464159667491913,0.05250890552997589
487,n02102040,217,English springer,217,English springer,0.6015319228172302,151,Chihuahua,0.9694300293922424,True,0.03137257695198059,0.017572127282619476,0.1626580511442862,0.17903225123882294,0.0
489,n02102040,217,English springer,217,English springer,0.4965282380580902,673,mouse,0.9999485015869141,True,0.03137257695198059,0.01768283173441887,0.24271053743882195,0.18997834622859955,0.4950876235961914
490,n02102040,217,English springer,217,English springer,0.4340747892856598,971,bubble,0.9992527365684509,True,0.03137257695198059,0.01783560775220394,0.18775061698376583,0.26541146636009216,0.4535747170448303
491,n02102040,217,English springer,217,English springer,0.27650970220565796,220,Sussex spaniel,0.9993569254875183,True,0.03137257695198059,0.01808849163353443,0.18314504862204728,0.27894672751426697,0.05382845178246498
492,n02102040,217,English springer,217,English springer,0.4735153317451477,175,otterhound,0.83571457862854,True,0.03137257695198059,0.017913565039634705,0.09210551498451577,0.2850383222103119,0.26010340452194214
493,n02102040,217,English springer,217,English springer,0.3422912657260895,200,Tibetan terrier,0.9981285929679871,True,0.03137257695198059,0.017803754657506943,0.24919675555514212,0.18304283916950226,0.07700109481811523
495,n02102040,217,English springer,217,English springer,0.5899682641029358,219,cocker spaniel,0.9992146492004395,True,0.03137257695198059,0.018029427155852318,0.423925703674186,0.1821669191122055,0.46711546182632446
496,n02102040,217,English springer,217,English springer,0.5380706787109375,70,harvestman,0.9922379851341248,True,0.03137257695198059,0.017755547538399696,0.10295168768793674,0.21131853759288788,0.04136496037244797
497,n02102040,217,English springer,217,English springer,0.5472249984741211,805,soccer ball,1.0,True,0.03137257695198059,0.018178967759013176,0.4154589620956929,0.12018817663192749,0.03345917910337448
498,n02102040,217,English springer,217,English springer,0.33858469128608704,220,Sussex spaniel,0.999968409538269,True,0.03137257695198059,0.018011031672358513,0.08258026376110174,0.3022003173828125,0.0
499,n02102040,217,English springer,217,English springer,0.30714288353919983,218,Welsh springer spaniel,0.9990988969802856,True,0.03137257695198059,0.01795201376080513,0.23722055299799413,0.18141458928585052,0.017437336966395378
501,n02102040,217,English springer,217,English springer,0.4163806140422821,201,silky terrier,0.9937582015991211,True,0.03137257695198059,0.01808999478816986,0.370589845970576,0.15084166824817657,0.010403492487967014
502,n02102040,217,English springer,217,English springer,0.4642292261123657,176,Saluki,0.9999501705169678,True,0.03137257695198059,0.01766289584338665,0.3201741906914671,0.16316844522953033,0.16573747992515564
503,n02102040,217,English springer,217,English springer,0.5041139125823975,700,paper towel,0.9999899864196777,True,0.03137257695198059,0.017971543595194817,0.19496526578493728,0.1627257913351059,0.00573811586946249
504,n02102040,217,English springer,217,English springer,0.3364073932170868,247,Saint Bernard,0.9985275268554688,True,0.03137257695198059,0.01788387820124626,0.5548859831207765,0.08924489468336105,0.7164334654808044
506,n02102040,217,English springer,217,English springer,0.34466567635536194,216,clumber,0.9999715089797974,True,0.03137257695198059,0.018020911142230034,0.20477357730475793,0.17867866158485413,0.311175137758255
507,n02102040,217,English springer,217,English springer,0.48917797207832336,218,Welsh springer spaniel,0.9981256127357483,True,0.03137257695198059,0.017659183591604233,0.09043566821251312,0.3654618263244629,0.23457099497318268
508,n02102040,217,English springer,217,English springer,0.4486389458179474,215,Brittany spaniel,0.9980562925338745,True,0.03137257695198059,0.01890232041478157,0.3632037422783234,0.10503675788640976,0.0024454935919493437
509,n02102040,217,English springer,217,English springer,0.39214026927948,157,papillon,0.9999582767486572,True,0.03137257695198059,0.017630456015467644,0.2734772806046463,0.14176052808761597,0.4854975938796997
510,n02102040,217,English springer,217,English springer,0.5564632415771484,187,Yorkshire terrier,0.9992861151695251,True,0.03137257695198059,0.018052946776151657,0.26855865570135057,0.13483794033527374,0.6620897054672241
512,n02102040,217,English springer,217,English springer,0.49255821108818054,155,Shih-Tzu,0.9939344525337219,True,0.03137257695198059,0.017804598435759544,0.21434563357645775,0.16679655015468597,0.34085142612457275
513,n02102040,217,English springer,217,English springer,0.45340248942375183,195,Boston bull,0.921735405921936,True,0.03137257695198059,0.017691124230623245,0.4110465534016504,0.12032913416624069,0.43086811900138855
514,n02102040,217,English springer,217,English springer,0.3475858271121979,490,chain mail,0.9998564720153809,True,0.03137257695198059,0.017398424446582794,0.4367685922215265,0.10236594080924988,0.0
515,n02102040,217,English springer,217,English springer,0.49630677700042725,218,Welsh springer spaniel,0.9993709921836853,True,0.03137257695198059,0.019003700464963913,0.11522954317075075,0.1416303515434265,0.0
516,n02102040,217,English springer,217,English springer,0.4985870122909546,213,Irish setter,0.8134216070175171,True,0.03137257695198059,0.017179884016513824,0.6289233473707913,0.09734754264354706,0.0
517,n02102040,217,English springer,217,English springer,0.4837007224559784,218,Welsh springer spaniel,0.9955756664276123,True,0.03137257695198059,0.01786988414824009,0.07003632819757899,0.3647627830505371,0.1799130141735077
518,n02102040,217,English springer,217,English springer,0.38417699933052063,267,standard poodle,0.9999111890792847,True,0.03137257695198059,0.017982738092541695,0.2813356379076928,0.14636270701885223,0.045330584049224854
519,n02102040,217,English springer,217,English springer,0.5819019675254822,166,Walker hound,0.992892861366272,True,0.03137257695198059,0.01768372394144535,0.09512400215234898,0.2916998565196991,0.3091197907924652
520,n02102040,217,English springer,217,English springer,0.2930523455142975,355,llama,0.9999964237213135,True,0.03137257695198059,0.017726395279169083,0.1905125095239813,0.1979648768901825,0.34979116916656494
521,n02102040,217,English springer,217,English springer,0.5312309265136719,241,EntleBucher,0.9999994039535522,True,0.03137257695198059,0.01829805225133896,0.5105326655263548,0.1752597838640213,0.7508550882339478
522,n02102040,217,English springer,217,English springer,0.5960268974304199,244,Tibetan mastiff,0.9712225198745728,True,0.03137257695198059,0.018087565898895264,0.15096575013201613,0.21194757521152496,0.0
523,n02102040,217,English springer,217,English springer,0.5815644264221191,215,Brittany spaniel,0.9998452663421631,True,0.03137257695198059,0.017642920836806297,0.24536637761316504,0.21143081784248352,0.4046452045440674
524,n02102040,217,English springer,217,English springer,0.24241586029529572,156,Blenheim spaniel,0.9998934268951416,True,0.03137257695198059,0.017759401351213455,0.21889681227914032,0.19522592425346375,0.281697541475296
525,n02102040,217,English springer,217,English springer,0.5854820609092712,267,standard poodle,0.9975554943084717,True,0.03137257695198059,0.01771162636578083,0.21505445533754805,0.20453409850597382,0.0456947386264801
526,n02102040,217,English springer,217,English springer,0.3875301480293274,811,space heater,0.9999988079071045,True,0.03137257695198059,0.01789943315088749,0.4404593222886529,0.12493832409381866,0.349739134311676
527,n02102040,217,English springer,217,English springer,0.4206025004386902,218,Welsh springer spaniel,0.9999339580535889,True,0.03137257695198059,0.018493492156267166,0.2694210996710679,0.17680634558200836,0.3155761659145355
528,n02102040,217,English springer,217,English springer,0.4513164460659027,239,Bernese mountain dog,0.9903101325035095,True,0.03137257695198059,0.01791682094335556,0.4082883463832508,0.1005096435546875,0.6848644614219666
529,n02102040,217,English springer,217,English springer,0.443615198135376,166,Walker hound,0.9932176470756531,True,0.03137257695198059,0.017760181799530983,0.09838030785531533,0.23330534994602203,0.13299591839313507
530,n02102040,217,English springer,217,English springer,0.4569424092769623,173,Ibizan hound,0.9991297125816345,True,0.03137257695198059,0.01760503463447094,0.09304925059377019,0.33819589018821716,0.2004554271697998
531,n02102040,217,English springer,217,English springer,0.5136208534240723,157,papillon,0.9998440742492676,True,0.03137257695198059,0.018192414194345474,0.23393811836638742,0.1454790234565735,0.14893782138824463
532,n02102040,217,English springer,217,English springer,0.43900036811828613,200,Tibetan terrier,0.9995390176773071,True,0.03137257695198059,0.018063290044665337,0.5011218341031006,0.07480356842279434,0.7871308922767639
533,n02102040,217,English springer,217,English springer,0.586182177066803,241,EntleBucher,1.0,True,0.03137257695198059,0.018491322174668312,0.5371159911951345,0.1252308338880539,0.8761806488037109
534,n02102040,217,English springer,217,English springer,0.4092555642127991,169,borzoi,0.9987731575965881,True,0.03137257695198059,0.018246904015541077,0.08762613984054629,0.30825287103652954,0.0
535,n02102040,217,English springer,217,English springer,0.5140358209609985,811,space heater,1.0,True,0.03137257695198059,0.017741095274686813,0.5499768284680523,0.10615693032741547,0.40699997544288635
536,n02102040,217,English springer,217,English springer,0.3253452181816101,70,harvestman,0.9789550304412842,True,0.03137257695198059,0.017793266102671623,0.18971639428143597,0.17007648944854736,0.0
537,n02102040,217,English springer,217,English springer,0.5433475971221924,259,Pomeranian,0.9997715353965759,True,0.03137257695198059,0.017835013568401337,0.14352050073230513,0.31040436029434204,0.0
538,n02102040,217,English springer,217,English springer,0.5317314863204956,215,Brittany spaniel,0.9965949654579163,True,0.03137257695198059,0.0184270478785038,0.2252032670623131,0.194944828748703,0.6623305082321167
539,n02102040,217,English springer,217,English springer,0.38303086161613464,218,Welsh springer spaniel,0.9996601343154907,True,0.03137257695198059,0.01811514049768448,0.26688935366950695,0.16209444403648376,0.027175208553671837
540,n02102040,217,English springer,217,English springer,0.5839723348617554,761,remote control,1.0,True,0.03137257695198059,0.017687058076262474,0.3197326009393401,0.15023168921470642,0.09414097666740417
541,n02102040,217,English springer,217,English springer,0.3898784816265106,232,Border collie,0.7747005820274353,True,0.03137257695198059,0.017891068011522293,0.17311942885209555,0.1961083561182022,0.0
542,n02102040,217,English springer,217,English springer,0.3257501721382141,156,Blenheim spaniel,0.9997740387916565,True,0.03137257695198059,0.018140457570552826,0.3135245556062946,0.13209673762321472,0.3287493586540222
543,n02102040,217,English springer,217,English springer,0.657403290271759,166,Walker hound,0.9995647072792053,True,0.03137257695198059,0.01793607883155346,0.3990625944069653,0.14552757143974304,0.058138877153396606
544,n02102040,217,English springer,217,English springer,0.8381178379058838,197,giant schnauzer,0.9991425275802612,True,0.03137257695198059,0.01754905842244625,0.38271862325033956,0.1481378674507141,0.4810677468776703
545,n02102040,217,English springer,217,English springer,0.4724061191082001,247,Saint Bernard,0.9973013997077942,True,0.03137257695198059,0.017873341217637062,0.4748636943099329,0.0943274199962616,0.6896685361862183
547,n02102040,217,English springer,217,English springer,0.38374757766723633,218,Welsh springer spaniel,0.9998388290405273,True,0.03137257695198059,0.01824832335114479,0.027102489846294944,0.28177380561828613,0.0
548,n02102040,217,English springer,217,English springer,0.48550471663475037,200,Tibetan terrier,0.9987030029296875,True,0.03137257695198059,0.018111370503902435,0.13746463799264183,0.19599591195583344,0.026807086542248726
549,n02102040,217,English springer,217,English springer,0.4491455554962158,193,Australian terrier,0.9999998807907104,True,0.03137257695198059,0.017904387786984444,0.29517100239589833,0.2305442988872528,0.5954339504241943
550,n02102040,217,English springer,217,English springer,0.451107919216156,156,Blenheim spaniel,0.9999942779541016,True,0.03137257695198059,0.01787498965859413,0.2605311462337039,0.1746419221162796,0.02990381047129631
551,n02102040,217,English springer,217,English springer,0.6367760896682739,157,papillon,0.9985087513923645,True,0.03137257695198059,0.017712390050292015,0.08078676458595273,0.29061105847358704,0.22524647414684296
552,n02102040,217,English springer,217,English springer,0.4977913796901703,218,Welsh springer spaniel,0.99973064661026,True,0.03137257695198059,0.01792803965508938,0.05415015719470731,0.3271397650241852,0.11752347648143768
553,n02102040,217,English springer,217,English springer,0.38213443756103516,232,Border collie,0.9785215854644775,True,0.03137257695198059,0.01773671805858612,0.43614870269375056,0.09141770005226135,0.7838979959487915
554,n02102040,217,English springer,217,English springer,0.5374136567115784,241,EntleBucher,0.9999967813491821,True,0.03137257695198059,0.017789136618375778,0.47814963368425223,0.24182751774787903,0.844711422920227
555,n02102040,217,English springer,217,English springer,0.2958628833293915,428,barrow,0.9999754428863525,True,0.03137257695198059,0.01819033920764923,0.24891433372202348,0.14575311541557312,0.0
556,n02102040,217,English springer,217,English springer,0.583764910697937,177,Scottish deerhound,0.9998838901519775,True,0.03137257695198059,0.017884373664855957,0.06902809002159871,0.2795179784297943,0.02861488051712513
557,n02102040,217,English springer,217,English springer,0.49358507990837097,151,Chihuahua,0.9976951479911804,True,0.03137257695198059,0.017683634534478188,0.20867614187446587,0.20923537015914917,0.0145692965015769
558,n02102040,217,English springer,217,English springer,0.2638297975063324,700,paper towel,0.9999313354492188,True,0.03137257695198059,0.017348898574709892,0.2315969752772223,0.2525708079338074,0.2170470952987671
559,n02102040,217,English springer,217,English springer,0.39345335960388184,855,thimble,1.0,True,0.03137257695198059,0.017669517546892166,0.2684414572511795,0.16688290238380432,0.4419150650501251
560,n02102040,217,English springer,217,English springer,0.44596993923187256,249,malamute,0.9998929500579834,True,0.03137257695198059,0.01780724711716175,0.20460585901452263,0.20926888287067413,0.3012080490589142
562,n02102040,217,English springer,217,English springer,0.5228264927864075,244,Tibetan mastiff,0.999936580657959,True,0.03137257695198059,0.017959928140044212,0.25463573378664817,0.12878240644931793,0.0
563,n02102040,217,English springer,217,English springer,0.7226813435554504,700,paper towel,0.9987074136734009,True,0.03137257695198059,0.017792856320738792,0.23551866288626697,0.14405134320259094,0.0599503293633461
564,n02102040,217,English springer,217,English springer,0.4656020700931549,700,paper towel,0.9995694756507874,True,0.03137257695198059,0.017917826771736145,0.3017414385733388,0.1282445341348648,0.12994752824306488
565,n02102040,217,English springer,217,English springer,0.508832573890686,215,Brittany spaniel,0.9632945656776428,True,0.03137257695198059,0.01786959171295166,0.22669889627065673,0.17864829301834106,0.5428277254104614
566,n02102040,217,English springer,217,English springer,0.7699835896492004,700,paper towel,0.9999979734420776,True,0.03137257695198059,0.017771674320101738,0.22517365555517704,0.21299302577972412,0.28474873304367065
567,n02102040,217,English springer,217,English springer,0.3908434808254242,257,Great Pyrenees,0.9998210072517395,True,0.03137257695198059,0.017907660454511642,0.24700357691058283,0.14168837666511536,0.22148150205612183
568,n02102040,217,English springer,217,English springer,0.41515475511550903,216,clumber,0.8850300908088684,True,0.03137257695198059,0.017949236556887627,0.16348505696252275,0.2311759740114212,0.015495603904128075
569,n02102040,217,English springer,217,English springer,0.5173381567001343,247,Saint Bernard,0.9968973398208618,True,0.03137257695198059,0.018063247203826904,0.2666220081293047,0.09555050730705261,0.44612017273902893
570,n02102040,217,English springer,217,English springer,0.4199315905570984,348,ram,0.9999276399612427,True,0.03137257695198059,0.017926955595612526,0.3120726576113555,0.13785459101200104,0.4812339246273041
571,n02102040,217,English springer,217,English springer,0.6494896411895752,700,paper towel,0.9999217987060547,True,0.03137257695198059,0.017778640612959862,0.3224978676204105,0.11533920466899872,0.1598225086927414
572,n02102040,217,English springer,217,English springer,0.5667287707328796,169,borzoi,0.9990205764770508,True,0.03137257695198059,0.018066763877868652,0.4662590532619317,0.10480672121047974,0.059414930641651154
573,n02102040,217,English springer,217,English springer,0.40678635239601135,232,Border collie,0.9643723368644714,True,0.03137257695198059,0.018559684976935387,0.38952939108468043,0.13868042826652527,0.17413316667079926
574,n02102040,217,English springer,217,English springer,0.47577032446861267,232,Border collie,0.8852073550224304,True,0.03137257695198059,0.018601054325699806,0.17530937885418196,0.1912086457014084,0.13792192935943604
575,n02102040,217,English springer,217,English springer,0.5073577165603638,219,cocker spaniel,0.9999645948410034,True,0.03137257695198059,0.01766897179186344,0.23211724043283702,0.2884383797645569,0.2952541410923004
576,n02102040,217,English springer,217,English springer,0.4647625982761383,700,paper towel,0.9816778302192688,True,0.03137257695198059,0.017894912511110306,0.13979343890493393,0.19513823091983795,0.012593470513820648
577,n02102040,217,English springer,217,English springer,0.2787196636199951,156,Blenheim spaniel,0.9998194575309753,True,0.03137257695198059,0.017615042626857758,0.21843215981233322,0.2098170816898346,0.24505774676799774
578,n02102040,217,English springer,217,English springer,0.2528913915157318,700,paper towel,0.9999430179595947,True,0.03137257695198059,0.017792262136936188,0.3303313733286885,0.17435277998447418,0.3708541989326477
579,n02102040,217,English springer,217,English springer,0.4424172639846802,195,Boston bull,0.996807873249054,True,0.03137257695198059,0.017805926501750946,0.29797361282700274,0.1642197221517563,0.09673967957496643
580,n02102040,217,English springer,217,English springer,0.3721413016319275,805,soccer ball,0.999998927116394,True,0.03137257695198059,0.018388696014881134,0.551409105388117,0.0944870114326477,0.0
581,n02102040,217,English springer,217,English springer,0.2976117432117462,218,Welsh springer spaniel,0.9999655485153198,True,0.03137257695198059,0.017734691500663757,0.13423383649756637,0.2366473376750946,0.13295742869377136
582,n02102040,217,English springer,217,English springer,0.4592544734477997,852,tennis ball,1.0,True,0.03137257695198059,0.017923936247825623,0.1411297319786502,0.24232608079910278,0.33910372853279114
583,n02102040,217,English springer,217,English springer,0.26401475071907043,264,Cardigan,0.999970555305481,True,0.03137257695198059,0.01789971999824047,0.302215178947233,0.20332865417003632,0.2933836877346039
584,n02102040,217,English springer,217,English springer,0.5007032752037048,700,paper towel,0.9204978942871094,True,0.03137257695198059,0.017896102741360664,0.29291270477443954,0.15951095521450043,0.535784125328064
585,n02102040,217,English springer,217,English springer,0.1880866289138794,200,Tibetan terrier,0.9993552565574646,True,0.03137257695198059,0.017760302871465683,0.392743412122767,0.15513703227043152,0.260304719209671
586,n02102040,217,English springer,217,English springer,0.4067583382129669,611,jigsaw puzzle,0.9999954700469971,True,0.03137257695198059,0.017688699066638947,0.29305111083514274,0.1562465876340866,0.024230580776929855
587,n02102040,217,English springer,217,English springer,0.3544362783432007,811,space heater,1.0,True,0.03137257695198059,0.017957409843802452,0.3745710793961138,0.13077518343925476,0.562294065952301
588,n02102040,217,English springer,217,English springer,0.2357638031244278,213,Irish setter,0.9999840259552002,True,0.03137257695198059,0.01782519370317459,0.42163685456538813,0.1172938346862793,0.03354585915803909
589,n02102040,217,English springer,217,English springer,0.4265997111797333,722,ping-pong ball,1.0,True,0.03137257695198059,0.018123842775821686,0.09946913626529949,0.23880362510681152,0.0
590,n02102040,217,English springer,217,English springer,0.45617419481277466,169,borzoi,0.9999366998672485,True,0.03137257695198059,0.017865287140011787,0.040892596912766845,0.3439805209636688,0.000250631186645478
591,n02102040,217,English springer,217,English springer,0.21587248146533966,216,clumber,0.9999971389770508,True,0.03137257695198059,0.018444126471877098,0.3400301857925948,0.16103221476078033,0.003176002064719796
592,n02102040,217,English springer,217,English springer,0.30469346046447754,155,Shih-Tzu,0.9923845529556274,True,0.03137257695198059,0.017810989171266556,0.11419168817688745,0.238302081823349,0.15159156918525696
593,n02102040,217,English springer,217,English springer,0.38618263602256775,210,German short-haired pointer,0.999880313873291,True,0.03137257695198059,0.018325386568903923,0.17619100871857418,0.18558348715305328,0.008305118419229984
594,n02102040,217,English springer,217,English springer,0.8442146182060242,361,skunk,0.9999423027038574,True,0.03137257695198059,0.017638789489865303,0.4209617869971467,0.11741460114717484,0.7176615595817566
595,n02102040,217,English springer,217,English springer,0.44720911979675293,241,EntleBucher,0.9999990463256836,True,0.03137257695198059,0.018305784091353416,0.5925273399726633,0.06987461447715759,0.9099283814430237
596,n02102040,217,English springer,217,English springer,0.5257602334022522,216,clumber,0.9999496936798096,True,0.03137257695198059,0.017818404361605644,0.07047002418775407,0.2734280526638031,0.06800226122140884
597,n02102040,217,English springer,217,English springer,0.5246608257293701,218,Welsh springer spaniel,0.999402642250061,True,0.03137257695198059,0.018240131437778473,0.3391133649835262,0.13278229534626007,0.24587979912757874
598,n02102040,217,English springer,217,English springer,0.45200973749160767,151,Chihuahua,0.9999408721923828,True,0.03137257695198059,0.017779726535081863,0.03068480049761583,0.2408742904663086,0.0059155626222491264
599,n02102040,217,English springer,217,English springer,0.36473414301872253,220,Sussex spaniel,0.9977878332138062,True,0.03137257695198059,0.017916494980454445,0.21764707211855056,0.26032793521881104,0.2575516700744629
600,n02102040,217,English springer,217,English springer,0.41339606046676636,700,paper towel,0.9999769926071167,True,0.03137257695198059,0.017714591696858406,0.4282922451754762,0.10082671046257019,0.8480429649353027
601,n02102040,217,English springer,217,English springer,0.3432517945766449,218,Welsh springer spaniel,0.9999991655349731,True,0.03137257695198059,0.018045706674456596,0.16340608094915068,0.23060575127601624,0.1769026815891266
602,n02102040,217,English springer,217,English springer,0.21380917727947235,646,maze,1.0,True,0.03137257695198059,0.01790102757513523,0.5204539482486604,0.1120440810918808,0.04266299679875374
603,n02102040,217,English springer,217,English springer,0.17444230616092682,213,Irish setter,0.9997419714927673,True,0.03137257695198059,0.01826932653784752,0.20221760805033576,0.1817062348127365,0.0019263240974396467
604,n02102040,217,English springer,217,English springer,0.6367773413658142,204,Lhasa,0.9998762607574463,True,0.03137257695198059,0.01783609762787819,0.29751455135459703,0.19394256174564362,0.03150231018662453
605,n02102040,217,English springer,217,English springer,0.5181052088737488,244,Tibetan mastiff,0.9978201389312744,True,0.03137257695198059,0.01794288493692875,0.24632815001192881,0.16010704636573792,0.0
606,n02102040,217,English springer,217,English springer,0.2786668837070465,204,Lhasa,0.9912494421005249,True,0.03137257695198059,0.018238291144371033,0.42424008525357076,0.16140656173229218,0.028457263484597206
607,n02102040,217,English springer,217,English springer,0.3293928802013397,241,EntleBucher,0.9999432563781738,True,0.03137257695198059,0.017804013565182686,0.47163243268832794,0.20087043941020966,0.7663300037384033
608,n02102040,217,English springer,217,English springer,0.21024952828884125,156,Blenheim spaniel,0.9997981190681458,True,0.03137257695198059,0.01783044822514057,0.29128186933791195,0.17372295260429382,0.17466942965984344
609,n02102040,217,English springer,217,English springer,0.37831613421440125,700,paper towel,0.9999759197235107,True,0.03137257695198059,0.017773356288671494,0.3244031203686484,0.15905560553073883,0.4126885235309601
610,n02102040,217,English springer,217,English springer,0.34347590804100037,161,basset,0.9999306201934814,True,0.03137257695198059,0.018157128244638443,0.23427648362531484,0.18753516674041748,0.1891922950744629
611,n02102040,217,English springer,217,English springer,0.24509944021701813,263,Pembroke,0.9924885034561157,True,0.03137257695198059,0.017845455557107925,0.39795442584824114,0.13884957134723663,0.025163570418953896
612,n02102040,217,English springer,217,English springer,0.33674219250679016,155,Shih-Tzu,0.9995936751365662,True,0.03137257695198059,0.018530867993831635,0.28271551604603345,0.15391959249973297,0.5012572407722473
613,n02102040,217,English springer,217,English springer,0.5037984251976013,805,soccer ball,0.9999990463256836,True,0.03137257695198059,0.017590664327144623,0.2779785095431129,0.12478712946176529,0.02253037504851818
614,n02102040,217,English springer,217,English springer,0.4461577534675598,898,water bottle,0.999998927116394,True,0.03137257695198059,0.018311211839318275,0.2864221108769453,0.1267080008983612,0.2833448052406311
615,n02102040,217,English springer,217,English springer,0.3926644027233124,239,Bernese mountain dog,0.984478771686554,True,0.03137257695198059,0.017939457669854164,0.2299511082710677,0.21703439950942993,0.2896779179573059
616,n02102040,217,English springer,217,English springer,0.5449234247207642,164,bluetick,0.9999568462371826,True,0.03137257695198059,0.017794722691178322,0.4206248678405611,0.08460404723882675,0.8675228953361511
617,n02102040,217,English springer,217,English springer,0.5427332520484924,156,Blenheim spaniel,0.9999562501907349,True,0.03137257695198059,0.01814252696931362,0.11698217784967839,0.22901597619056702,0.09886083751916885
618,n02102040,217,English springer,217,English springer,0.25992289185523987,161,basset,0.9995468258857727,True,0.03137257695198059,0.01793055050075054,0.3702561369013606,0.11390462517738342,0.6647020578384399
619,n02102040,217,English springer,217,English springer,0.3961280882358551,239,Bernese mountain dog,0.9992085099220276,True,0.03137257695198059,0.018146071583032608,0.24640353298636328,0.21605561673641205,0.45015978813171387
620,n02102040,217,English springer,217,English springer,0.32208845019340515,204,Lhasa,0.9998231530189514,True,0.03137257695198059,0.01821053959429264,0.4519124295038078,0.14127357304096222,0.5420103073120117
621,n02102040,217,English springer,217,English springer,0.455178827047348,263,Pembroke,0.9997888207435608,True,0.03137257695198059,0.01793135702610016,0.3075517416875195,0.1736813187599182,0.44632458686828613
622,n02102040,217,English springer,217,English springer,0.5200176239013672,206,curly-coated retriever,0.9979356527328491,True,0.03137257695198059,0.018134204670786858,0.14286794653209095,0.186168372631073,0.07080303132534027
623,n02102040,217,English springer,217,English springer,0.44167301058769226,267,standard poodle,0.9935374855995178,True,0.03137257695198059,0.017697997391223907,0.13970505944265268,0.29360315203666687,0.08985912054777145
624,n02102040,217,English springer,217,English springer,0.2324308604001999,214,Gordon setter,0.9996138215065002,True,0.03137257695198059,0.017928646877408028,0.21954298050942084,0.2006739377975464,0.0
625,n02102040,217,English springer,217,English springer,0.40109115839004517,256,Newfoundland,0.999941349029541,True,0.03137257695198059,0.01806792803108692,0.26329109450286703,0.17372336983680725,0.310014933347702
626,n02102040,217,English springer,217,English springer,0.3949110209941864,169,borzoi,0.9998372793197632,True,0.03137257695198059,0.017651060596108437,0.18903869222313766,0.21463903784751892,0.11032187193632126
627,n02102040,217,English springer,217,English springer,0.5015579462051392,489,chainlink fence,0.9999804496765137,True,0.03137257695198059,0.01817452162504196,0.2830677236928111,0.14495351910591125,0.0
628,n02102040,217,English springer,217,English springer,0.4433269500732422,230,Shetland sheepdog,0.997432291507721,True,0.03137257695198059,0.017664704471826553,0.20981656190507128,0.24447080492973328,0.16365543007850647
629,n02102040,217,English springer,217,English springer,0.23160965740680695,231,collie,0.3851279616355896,True,0.03137257695198059,0.01773018389940262,0.11157120659247681,0.22012120485305786,0.017148900777101517
630,n02102040,217,English springer,217,English springer,0.29269638657569885,199,Scotch terrier,0.9991388320922852,True,0.03137257695198059,0.017583699896931648,0.27886167284613506,0.17312286794185638,0.167526513338089
631,n02102040,217,English springer,217,English springer,0.3489952087402344,264,Cardigan,0.9628960490226746,True,0.03137257695198059,0.017438411712646484,0.118730730050035,0.22661477327346802,0.265742689371109
633,n02102040,217,English springer,217,English springer,0.32771411538124084,257,Great Pyrenees,0.999643087387085,True,0.03137257695198059,0.01843993552029133,0.34900229998794147,0.14946158230304718,0.0441824272274971
634,n02102040,217,English springer,217,English springer,0.355419784784317,200,Tibetan terrier,0.9999245405197144,True,0.03137257695198059,0.017969639971852303,0.4121905682509941,0.10534852743148804,0.7806004881858826
635,n02102040,217,English springer,217,English springer,0.49850162863731384,406,altar,0.9999995231628418,True,0.03137257695198059,0.01813652366399765,0.19517613227795402,0.12239107489585876,0.012006953358650208
636,n02102040,217,English springer,217,English springer,0.3174801170825958,241,EntleBucher,0.9999971389770508,True,0.03137257695198059,0.018543817102909088,0.6545211639804076,0.14021936058998108,0.9264293313026428
637,n02102040,217,English springer,217,English springer,0.35853397846221924,267,standard poodle,0.9999580383300781,True,0.03137257695198059,0.018655186519026756,0.1881409895684904,0.23107460141181946,0.5037241578102112
638,n02102040,217,English springer,217,English springer,0.3207786977291107,212,English setter,0.9999804496765137,True,0.03137257695198059,0.017603082582354546,0.19890561747332958,0.20988279581069946,0.3217708468437195
639,n02102040,217,English springer,217,English springer,0.33877089619636536,151,Chihuahua,0.9975524544715881,True,0.03137257695198059,0.01773797906935215,0.27462621856812625,0.2129528522491455,0.044074781239032745
640,n02102040,217,English springer,217,English springer,0.5989915132522583,539,doormat,1.0,True,0.03137257695198059,0.01774396374821663,0.3706070610749597,0.10592035204172134,0.6658647060394287
641,n02102040,217,English springer,217,English springer,0.30081868171691895,999,toilet tissue,0.8315281271934509,True,0.03137257695198059,0.018293386325240135,0.26985564579638144,0.1325739622116089,0.0
642,n02102040,217,English springer,217,English springer,0.4164060354232788,232,Border collie,0.9260507225990295,True,0.03137257695198059,0.017748620361089706,0.37081837113181915,0.1135096549987793,0.18644651770591736
643,n02102040,217,English springer,217,English springer,0.3370748460292816,232,Border collie,0.9956327080726624,True,0.03137257695198059,0.01816760003566742,0.33174843025657724,0.19440296292304993,0.16802863776683807
644,n02102040,217,English springer,217,English springer,0.46378904581069946,239,Bernese mountain dog,0.9665460586547852,True,0.03137257695198059,0.01774025335907936,0.5050742501509918,0.07850108295679092,0.5318126678466797
645,n02102040,217,English springer,217,English springer,0.7406362891197205,244,Tibetan mastiff,0.9999958276748657,True,0.03137257695198059,0.01779271848499775,0.27512949558295025,0.18064627051353455,0.3402024507522583
646,n02102040,217,English springer,217,English springer,0.588544487953186,244,Tibetan mastiff,0.9992316961288452,True,0.03137257695198059,0.017948618158698082,0.08079681947697823,0.31100520491600037,0.0
647,n02102040,217,English springer,217,English springer,0.28253814578056335,36,terrapin,0.9449543356895447,True,0.03137257695198059,0.017911024391651154,0.32959900388946795,0.13547709584236145,0.3737160563468933
648,n02102040,217,English springer,217,English springer,0.19631771743297577,216,clumber,0.997996985912323,True,0.03137257695198059,0.017710750922560692,0.130682542300321,0.23671507835388184,0.12192471325397491
650,n02102040,217,English springer,217,English springer,0.45806992053985596,232,Border collie,0.8950272798538208,True,0.03137257695198059,0.017854949459433556,0.06407568240848663,0.2743203341960907,0.026657704263925552
651,n02102040,217,English springer,217,English springer,0.6177360415458679,264,Cardigan,0.9999587535858154,True,0.03137257695198059,0.01781626045703888,0.0749707942023536,0.3356229364871979,0.01696821115911007
652,n02102040,217,English springer,217,English springer,0.3403109312057495,267,standard poodle,0.9995003938674927,True,0.03137257695198059,0.01781783066689968,0.38549601313373916,0.12751410901546478,0.3748745918273926
653,n02102040,217,English springer,217,English springer,0.3952326476573944,241,EntleBucher,1.0,True,0.03137257695198059,0.01824958622455597,0.45924695092131307,0.2779177725315094,0.8065496683120728
654,n02102040,217,English springer,217,English springer,0.5234240293502808,155,Shih-Tzu,0.9977165460586548,True,0.03137257695198059,0.017911620438098907,0.1651629183752049,0.24820365011692047,0.2278479039669037
655,n02102040,217,English springer,217,English springer,0.505526065826416,700,paper towel,0.9997275471687317,True,0.03137257695198059,0.01787668652832508,0.16218995717115062,0.17179331183433533,0.34049421548843384
656,n02102040,217,English springer,217,English springer,0.5820019841194153,257,Great Pyrenees,0.9992648959159851,True,0.03137257695198059,0.01782890595495701,0.25106556123819823,0.24325820803642273,0.41340920329093933
657,n02102040,217,English springer,217,English springer,0.599779486656189,232,Border collie,0.9164921641349792,True,0.03137257695198059,0.018218478187918663,0.22729067417676496,0.2506622076034546,0.5264006853103638
658,n02102040,217,English springer,217,English springer,0.22031013667583466,215,Brittany spaniel,0.9993131160736084,True,0.03137257695198059,0.01765027828514576,0.2697087878932412,0.18624527752399445,0.08025096356868744
659,n02102040,217,English springer,217,English springer,0.37612828612327576,856,thresher,0.9985398054122925,True,0.03137257695198059,0.017952043563127518,0.10300723463469619,0.3047178089618683,0.13444678485393524
661,n02102040,217,English springer,217,English springer,0.18580518662929535,212,English setter,0.9998732805252075,True,0.03137257695198059,0.01799444481730461,0.2088388480295621,0.15535931289196014,0.2506965696811676
662,n02102040,217,English springer,217,English springer,0.45985445380210876,539,doormat,1.0,True,0.03137257695198059,0.018091384321451187,0.18649246262442934,0.2502216100692749,0.18467402458190918
663,n02102040,217,English springer,217,English springer,0.8398758172988892,227,kelpie,0.9999749660491943,True,0.03137257695198059,0.01773303747177124,0.1502987404162531,0.2351195067167282,0.03337113559246063
664,n02102040,217,English springer,217,English springer,0.3555731475353241,700,paper towel,0.9889761209487915,True,0.03137257695198059,0.017741654068231583,0.22854888427685618,0.22435277700424194,0.02758517488837242
665,n02102040,217,English springer,217,English springer,0.43528279662132263,167,English foxhound,0.9999793767929077,True,0.03137257695198059,0.017834393307566643,0.114994659396621,0.1990252286195755,0.17640221118927002
666,n02102040,217,English springer,217,English springer,0.49408355355262756,268,Mexican hairless,0.999990701675415,True,0.03137257695198059,0.01749422959983349,0.07511509360554089,0.31538093090057373,0.06629502028226852
668,n02102040,217,English springer,217,English springer,0.6023519039154053,155,Shih-Tzu,0.9954572916030884,True,0.03137257695198059,0.018237406387925148,0.21683588594148187,0.16026434302330017,0.27764520049095154
669,n02102040,217,English springer,217,English springer,0.07624911516904831,177,Scottish deerhound,0.999344527721405,True,0.03137257695198059,0.01762109249830246,0.31006882430743793,0.1324411928653717,0.3251374363899231
670,n02102040,217,English springer,217,English springer,0.3036777377128601,691,oxygen mask,1.0,True,0.03137257695198059,0.01775519922375679,0.30561618118066325,0.19657813012599945,0.011817052960395813
671,n02102040,217,English springer,217,English springer,0.25635167956352234,215,Brittany spaniel,0.9948654770851135,True,0.03137257695198059,0.017981071025133133,0.27018399661122355,0.17581157386302948,0.5062338709831238
672,n02102040,217,English springer,217,English springer,0.30647552013397217,700,paper towel,0.5170368552207947,True,0.03137257695198059,0.017881259322166443,0.13773962438596407,0.2714656591415405,0.16179366409778595
673,n02102040,217,English springer,217,English springer,0.5499808192253113,232,Border collie,0.948373556137085,True,0.03137257695198059,0.018102407455444336,0.4243509093260339,0.15955480933189392,0.29288938641548157
674,n02102040,217,English springer,217,English springer,0.5143401026725769,231,collie,0.9189730882644653,True,0.03137257695198059,0.017869388684630394,0.3266346091171868,0.12095180153846741,0.317865788936615
675,n02102040,217,English springer,217,English springer,0.41402390599250793,157,papillon,0.9986662864685059,True,0.03137257695198059,0.01789824850857258,0.44263909099865734,0.10923261940479279,0.3126711845397949
676,n02102040,217,English springer,217,English springer,0.41297948360443115,169,borzoi,0.9996138215065002,True,0.03137257695198059,0.017715735360980034,0.1644524632070257,0.22719968855381012,0.03138182312250137
677,n02102040,217,English springer,217,English springer,0.5673462748527527,311,grasshopper,0.9712637662887573,True,0.03137257695198059,0.018205704167485237,0.37707638823887646,0.14323696494102478,0.2790241837501526
678,n02102040,217,English springer,217,English springer,0.4161352217197418,215,Brittany spaniel,0.9966842532157898,True,0.03137257695198059,0.017571263015270233,0.36395765015083326,0.18050211668014526,0.27763068675994873
679,n02102040,217,English springer,217,English springer,0.542704164981842,247,Saint Bernard,0.9007664918899536,True,0.03137257695198059,0.017695825546979904,0.1935830365787113,0.229803666472435,0.14072555303573608
680,n02102040,217,English springer,217,English springer,0.16591313481330872,361,skunk,0.9995427131652832,True,0.03137257695198059,0.01766652800142765,0.3712866779816871,0.183488667011261,0.5073922872543335
682,n02102040,217,English springer,217,English springer,0.4399121403694153,700,paper towel,0.999981164932251,True,0.03137257695198059,0.01768605224788189,0.23646409403939164,0.15330086648464203,0.1948375254869461
683,n02102040,217,English springer,217,English springer,0.33859917521476746,700,paper towel,0.9992062449455261,True,0.03137257695198059,0.01778503879904747,0.18724396344582728,0.18611490726470947,0.03850019723176956
684,n02102040,217,English springer,217,English springer,0.4919748902320862,212,English setter,0.99979168176651,True,0.03137257695198059,0.01757075823843479,0.2343311008669021,0.25328201055526733,0.4134942889213562
685,n02102040,217,English springer,217,English springer,0.47584834694862366,247,Saint Bernard,0.9479185342788696,True,0.03137257695198059,0.01773204654455185,0.22678974238269917,0.16442623734474182,0.2877989709377289
686,n02102040,217,English springer,217,English springer,0.4870283901691437,523,crutch,0.9999998807907104,True,0.03137257695198059,0.018253901973366737,0.5711638579209432,0.06739944219589233,0.6927042007446289
687,n02102040,217,English springer,217,English springer,0.5427188873291016,201,silky terrier,0.5820801854133606,True,0.03137257695198059,0.018083985894918442,0.052842525237461024,0.3346101939678192,0.0737420842051506
688,n02102040,217,English springer,217,English springer,0.23762641847133636,204,Lhasa,0.9978058934211731,True,0.03137257695198059,0.018171461299061775,0.3578425346061172,0.14223124086856842,0.0
689,n02102040,217,English springer,217,English springer,0.172379732131958,247,Saint Bernard,0.9969026446342468,True,0.03137257695198059,0.017430216073989868,0.3050347969156103,0.11670751124620438,0.47961390018463135
690,n02102040,217,English springer,217,English springer,0.39831826090812683,700,paper towel,0.993411123752594,True,0.03137257695198059,0.017993109300732613,0.3785439318048762,0.15477856993675232,0.015786148607730865
691,n02102040,217,English springer,217,English springer,0.4037473499774933,856,thresher,0.9982696771621704,True,0.03137257695198059,0.017899304628372192,0.09141498647089333,0.3175838589668274,0.0
692,n02102040,217,English springer,217,English springer,0.23675808310508728,218,Welsh springer spaniel,0.9967443943023682,True,0.03137257695198059,0.018609773367643356,0.29486999056810975,0.15178526937961578,0.0
693,n02102040,217,English springer,217,English springer,0.4075899124145508,264,Cardigan,0.9998714923858643,True,0.03137257695198059,0.017841840162873268,0.10193612506071352,0.24085792899131775,0.15226316452026367
694,n02102040,217,English springer,217,English springer,0.2638436555862427,232,Border collie,0.9098125100135803,True,0.03137257695198059,0.017833778634667397,0.28495902390909345,0.17299897968769073,0.5870488882064819
695,n02102040,217,English springer,217,English springer,0.2279471904039383,700,paper towel,0.9999852180480957,True,0.03137257695198059,0.01782221719622612,0.44515038325819234,0.10812794417142868,0.782231867313385
696,n02102040,217,English springer,217,English springer,0.5614920854568481,999,toilet tissue,0.980631947517395,True,0.03137257695198059,0.01783030852675438,0.1372729282163336,0.18760089576244354,0.4071347415447235
697,n02102040,217,English springer,217,English springer,0.48561298847198486,552,feather boa,0.9999833106994629,True,0.03137257695198059,0.01796918548643589,0.41287429613443205,0.12644296884536743,0.25770804286003113
698,n02102040,217,English springer,217,English springer,0.3752686381340027,700,paper towel,0.9999688863754272,True,0.03137257695198059,0.017647935077548027,0.3397897003641785,0.1715732365846634,0.18840424716472626
699,n02102040,217,English springer,217,English springer,0.4438246786594391,175,otterhound,0.9997901320457458,True,0.03137257695198059,0.0177854523062706,0.22309253791786648,0.25248977541923523,0.0011848976137116551
700,n02102040,217,English springer,217,English springer,0.5243030190467834,700,paper towel,0.9992640614509583,True,0.03137257695198059,0.01790679432451725,0.24546265740825746,0.16323405504226685,0.4878561794757843
701,n02102040,217,English springer,217,English springer,0.3087383210659027,185,Norfolk terrier,0.9999617338180542,True,0.03137257695198059,0.01793648861348629,0.14378001146656258,0.2918919026851654,0.0
702,n02102040,217,English springer,217,English springer,0.24955643713474274,267,standard poodle,0.999901294708252,True,0.03137257695198059,0.018301166594028473,0.18091862275148338,0.16036951541900635,0.0
703,n02102040,217,English springer,217,English springer,0.34982097148895264,539,doormat,0.9999998807907104,True,0.03137257695198059,0.018045105040073395,0.12161132361633574,0.1394336074590683,0.0531473383307457
705,n02102040,217,English springer,217,English springer,0.2087993621826172,200,Tibetan terrier,0.99497389793396,True,0.03137257695198059,0.018099505454301834,0.19254571309176058,0.1806245595216751,0.00868850015103817
706,n02102040,217,English springer,217,English springer,0.25922873616218567,265,toy poodle,0.9503718018531799,True,0.03137257695198059,0.017635472118854523,0.15460641893463734,0.27654698491096497,0.4916273355484009
707,n02102040,217,English springer,217,English springer,0.48540061712265015,218,Welsh springer spaniel,0.9975564479827881,True,0.03137257695198059,0.01773195154964924,0.07252218952223499,0.24961738288402557,0.2525081932544708
708,n02102040,217,English springer,217,English springer,0.4347904622554779,620,laptop,0.9997121691703796,True,0.03137257695198059,0.01798449642956257,0.3305152354536619,0.11237344890832901,0.004007847048342228
709,n02102040,217,English springer,217,English springer,0.46127912402153015,218,Welsh springer spaniel,0.9981270432472229,True,0.03137257695198059,0.018117057159543037,0.2460819698505423,0.13725563883781433,0.12794655561447144
710,n02102040,217,English springer,217,English springer,0.4189348518848419,160,Afghan hound,0.9999990463256836,True,0.03137257695198059,0.018075179308652878,0.23001877081201055,0.23183748126029968,0.4173874855041504
711,n02102040,217,English springer,217,English springer,0.35157179832458496,200,Tibetan terrier,0.9967737793922424,True,0.03137257695198059,0.017852919176220894,0.23347071188845891,0.23850370943546295,0.08385449647903442
712,n02102040,217,English springer,217,English springer,0.6806162595748901,267,standard poodle,0.9999555349349976,True,0.03137257695198059,0.01773802749812603,0.09558413228040788,0.26079827547073364,0.11345171928405762
713,n02102040,217,English springer,217,English springer,0.7080544233322144,257,Great Pyrenees,0.9998047947883606,True,0.03137257695198059,0.018280358985066414,0.17159413853108277,0.10270246863365173,0.5092043876647949
714,n02102040,217,English springer,217,English springer,0.5027065873146057,543,dumbbell,0.9986020922660828,True,0.03137257695198059,0.01797552779316902,0.19212350993943636,0.27457067370414734,0.3245997428894043
715,n02102040,217,English springer,217,English springer,0.25254374742507935,155,Shih-Tzu,0.9998389482498169,True,0.03137257695198059,0.017923271283507347,0.21238275436621862,0.20401783287525177,0.14702686667442322
716,n02102040,217,English springer,217,English springer,0.2997400462627411,212,English setter,0.30722424387931824,True,0.03137257695198059,0.018082628026604652,0.07836938362712892,0.24603746831417084,0.12338308990001678
717,n02102040,217,English springer,217,English springer,0.4761751592159271,212,English setter,0.9998526573181152,True,0.03137257695198059,0.017720084637403488,0.31848183327115054,0.18398340046405792,0.5514999628067017
718,n02102040,217,English springer,217,English springer,0.3268781900405884,218,Welsh springer spaniel,0.9998615980148315,True,0.03137257695198059,0.01842954382300377,0.26597791132951215,0.1404578983783722,0.0
719,n02102040,217,English springer,217,English springer,0.34098291397094727,156,Blenheim spaniel,0.9998775720596313,True,0.03137257695198059,0.01777617074549198,0.30596814226710306,0.1799558699131012,0.2291637808084488
720,n02102040,217,English springer,217,English springer,0.6100891828536987,164,bluetick,0.9999476671218872,True,0.03137257695198059,0.017923329025506973,0.4945492532751064,0.07021328061819077,0.9195672273635864
721,n02102040,217,English springer,217,English springer,0.40442150831222534,255,Leonberg,0.9999223947525024,True,0.03137257695198059,0.01810142584145069,0.2701705571715038,0.1401941329240799,0.029804721474647522
722,n02102040,217,English springer,217,English springer,0.36459702253341675,489,chainlink fence,0.9999971389770508,True,0.03137257695198059,0.0179191455245018,0.40884521501809146,0.11441564559936523,0.11798828840255737
723,n02102040,217,English springer,217,English springer,0.4282033443450928,97,drake,0.9995643496513367,True,0.03137257695198059,0.018160270527005196,0.17270128276857338,0.17572493851184845,0.27975645661354065
724,n02102040,217,English springer,217,English springer,0.4396616518497467,700,paper towel,0.9999992847442627,True,0.03137257695198059,0.01768813468515873,0.2166563970762141,0.19254359602928162,0.05408676713705063
725,n02102040,217,English springer,217,English springer,0.5502411127090454,162,beagle,0.9997156262397766,True,0.03137257695198059,0.017782259732484818,0.1965939754303667,0.29053735733032227,0.4293598532676697
726,n02102040,217,English springer,217,English springer,0.4791778326034546,987,corn,0.8849232792854309,True,0.03137257695198059,0.01766134984791279,0.17110434992868756,0.22563189268112183,0.49445873498916626
727,n02102040,217,English springer,217,English springer,0.370076984167099,700,paper towel,0.964840829372406,True,0.03137257695198059,0.017731880769133568,0.3002361000652797,0.18128539621829987,0.022978024557232857
728,n02102040,217,English springer,217,English springer,0.9026849865913391,359,black-footed ferret,0.9931158423423767,True,0.03137257695198059,0.017840923741459846,0.16654115128956917,0.13635694980621338,0.18731261789798737
729,n02102040,217,English springer,217,English springer,0.4495376944541931,700,paper towel,0.9999743700027466,True,0.03137257695198059,0.017722947522997856,0.4052813457132017,0.1461976170539856,0.32974526286125183
730,n02102040,217,English springer,217,English springer,0.4899521470069885,218,Welsh springer spaniel,0.9992538094520569,True,0.03137257695198059,0.017827685922384262,0.3365228576815583,0.16765283048152924,0.14012576639652252
731,n02102040,217,English springer,217,English springer,0.5460869669914246,187,Yorkshire terrier,0.9998144507408142,True,0.03137257695198059,0.018058232963085175,0.06342491538871636,0.1434401422739029,0.0
732,n02102040,217,English springer,217,English springer,0.8100109696388245,892,wall clock,0.06083926931023598,True,0.03137257695198059,0.01835828274488449,0.2564741108014698,0.1174493208527565,0.1670808345079422
733,n02102040,217,English springer,217,English springer,0.5740755796432495,219,cocker spaniel,0.9993669390678406,True,0.03137257695198059,0.017468279227614403,0.3333285634254148,0.21069054305553436,0.3543589115142822
734,n02102040,217,English springer,217,English springer,0.5026824474334717,611,jigsaw puzzle,0.9999973773956299,True,0.03137257695198059,0.01777232065796852,0.42545748557058033,0.07167238742113113,0.8327369093894958
735,n02102040,217,English springer,217,English springer,0.40244215726852417,219,cocker spaniel,0.9989960789680481,True,0.03137257695198059,0.018040986731648445,0.3617376442707983,0.1300290822982788,0.6679216027259827
736,n02102040,217,English springer,217,English springer,0.13487036526203156,232,Border collie,0.9918074011802673,True,0.03137257695198059,0.018187016248703003,0.32160171808478616,0.08001115918159485,0.0
737,n02102040,217,English springer,217,English springer,0.5773541331291199,204,Lhasa,0.9995786547660828,True,0.03137257695198059,0.01764143817126751,0.17453533403941235,0.2128128558397293,0.21549683809280396
738,n02102040,217,English springer,217,English springer,0.33293917775154114,216,clumber,0.9990147352218628,True,0.03137257695198059,0.01814636029303074,0.3562093464360713,0.11947602778673172,0.36154893040657043
739,n02102040,217,English springer,217,English springer,0.3180258870124817,264,Cardigan,0.998572826385498,True,0.03137257695198059,0.017741313204169273,0.22349475549900344,0.24997201561927795,0.2710271179676056
740,n02102040,217,English springer,217,English springer,0.36950424313545227,817,sports car,0.9612489342689514,True,0.03137257695198059,0.01780726946890354,0.32319504618318545,0.13615982234477997,0.014261128380894661
741,n02102040,217,English springer,217,English springer,0.26583123207092285,852,tennis ball,0.9999991655349731,True,0.03137257695198059,0.017731761559844017,0.1090246375646569,0.1850510686635971,0.31658533215522766
742,n02102040,217,English springer,217,English springer,0.4735667407512665,175,otterhound,0.9952074885368347,True,0.03137257695198059,0.01819346286356449,0.20652467284594578,0.20442290604114532,0.0
743,n02102040,217,English springer,217,English springer,0.42865514755249023,434,bath towel,1.0,True,0.03137257695198059,0.018003428354859352,0.3334942839422457,0.15242841839790344,0.1588577926158905
744,n02102040,217,English springer,217,English springer,0.45712801814079285,241,EntleBucher,0.999987006187439,True,0.03137257695198059,0.018059251829981804,0.494738288064068,0.14982636272907257,0.8585271835327148
745,n02102040,217,English springer,217,English springer,0.21720771491527557,851,television,0.9996902942657471,True,0.03137257695198059,0.0174842718988657,0.3055538000736198,0.19606640934944153,0.06772717833518982
746,n02102040,217,English springer,217,English springer,0.25745660066604614,210,German short-haired pointer,0.9632804989814758,True,0.03137257695198059,0.017919979989528656,0.40745557845899094,0.11079652607440948,0.40841707587242126
747,n02102040,217,English springer,217,English springer,0.6314774751663208,173,Ibizan hound,0.9999634027481079,True,0.03137257695198059,0.017765387892723083,0.16059448153994932,0.16000711917877197,0.10940201580524445
748,n02102040,217,English springer,217,English springer,0.22222919762134552,171,Italian greyhound,0.999954342842102,True,0.03137257695198059,0.017852673307061195,0.33912562288972425,0.14327752590179443,0.19864991307258606
749,n02102040,217,English springer,217,English springer,0.7488916516304016,230,Shetland sheepdog,0.9999862909317017,True,0.03137257695198059,0.018450669944286346,0.19561955023933822,0.16271506249904633,0.11006646603345871
750,n02102040,217,English springer,217,English springer,0.5097124576568604,856,thresher,0.9987518787384033,True,0.03137257695198059,0.017885904759168625,0.04920965253854139,0.35898733139038086,0.3423508405685425
751,n02102040,217,English springer,217,English springer,0.3979359269142151,700,paper towel,0.9983038902282715,True,0.03137257695198059,0.017716022208333015,0.2112076585604942,0.19919916987419128,0.03743208944797516
752,n02102040,217,English springer,217,English springer,0.33163076639175415,170,Irish wolfhound,0.99977046251297,True,0.03137257695198059,0.017999641597270966,0.15030290018310344,0.23369523882865906,0.04402225837111473
753,n02102040,217,English springer,217,English springer,0.3765619099140167,205,flat-coated retriever,0.9976043105125427,True,0.03137257695198059,0.018033545464277267,0.17441999340362122,0.26595816016197205,0.20888751745224
754,n02102040,217,English springer,217,English springer,0.453407883644104,852,tennis ball,0.9999994039535522,True,0.03137257695198059,0.017940571531653404,0.22662176778836593,0.2726731598377228,0.13271506130695343
756,n02102040,217,English springer,217,English springer,0.5525590777397156,239,Bernese mountain dog,0.9979283809661865,True,0.03137257695198059,0.017372319474816322,0.6248038063601788,0.06916030496358871,0.7290592193603516
757,n02102040,217,English springer,217,English springer,0.44809722900390625,264,Cardigan,0.9994218349456787,True,0.03137257695198059,0.01836174726486206,0.48935053299585646,0.1575724482536316,0.2130458503961563
758,n02102040,217,English springer,217,English springer,0.3130299746990204,169,borzoi,0.99998939037323,True,0.03137257695198059,0.01792808622121811,0.11331410526848677,0.27746346592903137,0.24177537858486176
759,n02102040,217,English springer,217,English springer,0.4073556363582611,910,wooden spoon,0.9821894764900208,True,0.03137257695198059,0.01777801662683487,0.3856342789963776,0.1642066240310669,0.4360518455505371
760,n02102040,217,English springer,217,English springer,0.4186999499797821,805,soccer ball,1.0,True,0.03137257695198059,0.01800462044775486,0.1323230154865637,0.24261873960494995,0.029723957180976868
761,n02102040,217,English springer,217,English springer,0.4119086265563965,156,Blenheim spaniel,0.9999362230300903,True,0.03137257695198059,0.017720844596624374,0.23601080095730878,0.22444196045398712,0.023539481684565544
762,n02102040,217,English springer,217,English springer,0.3352542221546173,622,lens cap,0.9999990463256836,True,0.03137257695198059,0.017726752907037735,0.3501728267812369,0.1658913493156433,0.003247713204473257
763,n02102040,217,English springer,217,English springer,0.5167803168296814,673,mouse,0.9946103096008301,True,0.03137257695198059,0.01768852397799492,0.09787378051418238,0.24344448745250702,0.34999677538871765
764,n02102040,217,English springer,217,English springer,0.3729611039161682,294,brown bear,0.999997615814209,True,0.03137257695198059,0.018049869686365128,0.29235900217606714,0.15440933406352997,0.010341709479689598
765,n02102040,217,English springer,217,English springer,0.40908342599868774,856,thresher,0.9566051363945007,True,0.03137257695198059,0.017824428156018257,0.4454129504656438,0.12996971607208252,0.0
766,n02102040,217,English springer,217,English springer,0.471662700176239,166,Walker hound,0.9990972280502319,True,0.03137257695198059,0.018050068989396095,0.16509090319640182,0.19336724281311035,0.10527831315994263
767,n02102040,217,English springer,217,English springer,0.6893409490585327,212,English setter,0.9999978542327881,True,0.03137257695198059,0.018469130620360374,0.2025678452637735,0.14672502875328064,0.04617675393819809
768,n02102040,217,English springer,217,English springer,0.4798108637332916,186,Norwich terrier,0.9994207620620728,True,0.03137257695198059,0.01834661327302456,0.2342282680881198,0.15561576187610626,0.005060665309429169
769,n02102040,217,English springer,217,English springer,0.5002110004425049,151,Chihuahua,0.9999949932098389,True,0.03137257695198059,0.017569804564118385,0.3723404845207782,0.12361907958984375,0.002058332320302725
770,n02102040,217,English springer,217,English springer,0.4876047670841217,164,bluetick,0.9994144439697266,True,0.03137257695198059,0.018346037715673447,0.19622875944936272,0.18023301661014557,0.538810133934021
771,n02102040,217,English springer,217,English springer,0.5729792714118958,248,Eskimo dog,0.8828078508377075,True,0.03137257695198059,0.017722776159644127,0.11825079698200681,0.24368484318256378,0.04669007286429405
772,n02102040,217,English springer,217,English springer,0.3288584053516388,256,Newfoundland,0.9998021721839905,True,0.03137257695198059,0.018079251050949097,0.2341195308116531,0.181973397731781,0.16564065217971802
773,n02102040,217,English springer,217,English springer,0.43566691875457764,241,EntleBucher,0.9999744892120361,True,0.03137257695198059,0.018037447705864906,0.6614263952749829,0.0761185809969902,0.9439348578453064
774,n02102040,217,English springer,217,English springer,0.4693090319633484,156,Blenheim spaniel,0.9995427131652832,True,0.03137257695198059,0.017894471064209938,0.24229502871896721,0.18273867666721344,0.29282593727111816
775,n02102040,217,English springer,217,English springer,0.39590921998023987,67,diamondback,0.9999995231628418,True,0.03137257695198059,0.017989246174693108,0.2285295494319358,0.18957240879535675,0.07213185727596283
776,n02102040,217,English springer,217,English springer,0.38280192017555237,676,muzzle,0.9999996423721313,True,0.03137257695198059,0.017998741939663887,0.295655657383343,0.19700688123703003,0.028915580362081528
777,n02102040,217,English springer,217,English springer,0.23240740597248077,204,Lhasa,0.9923856258392334,True,0.03137257695198059,0.018322577700018883,0.3701240929591431,0.15677385032176971,0.25520187616348267
778,n02102040,217,English springer,217,English springer,0.369082510471344,253,basenji,0.9999781847000122,True,0.03137257695198059,0.017627842724323273,0.3562924969510102,0.13950416445732117,0.2554527521133423
779,n02102040,217,English springer,217,English springer,0.2713799774646759,331,hare,0.6461862921714783,True,0.03137257695198059,0.01764056831598282,0.3236576792795494,0.1517404019832611,0.002817416563630104
780,n02102040,217,English springer,217,English springer,0.4260058104991913,193,Australian terrier,0.9999986886978149,True,0.03137257695198059,0.018103189766407013,0.6514221445575334,0.04693971946835518,0.9122565388679504
781,n02102040,217,English springer,217,English springer,0.4371555745601654,700,paper towel,0.9989784955978394,True,0.03137257695198059,0.01773837022483349,0.4947559479694836,0.0964122787117958,0.5505351424217224
787,n02979186,482,cassette player,482,cassette player,0.3182015120983124,464,buckle,0.9930917024612427,True,0.03137257695198059,0.017065541818737984,0.1088655859315253,0.26724526286125183,0.027423376217484474
795,n02979186,482,cassette player,482,cassette player,0.3135867714881897,904,window screen,0.9998295307159424,True,0.03137257695198059,0.017670944333076477,0.25571283813865214,0.17826959490776062,0.23510512709617615
800,n02979186,482,cassette player,482,cassette player,0.14535404741764069,754,radio,0.9999904632568359,True,0.03137257695198059,0.018358055502176285,0.17101982591369994,0.32128164172172546,0.4270031452178955
801,n02979186,482,cassette player,482,cassette player,0.39495792984962463,359,black-footed ferret,0.3972111642360687,True,0.03137257695198059,0.018112488090991974,0.2777725879590897,0.1493401825428009,0.4453102946281433
802,n02979186,482,cassette player,482,cassette player,0.2857782542705536,746,puck,0.9992425441741943,True,0.03137257695198059,0.017936430871486664,0.24448646992639858,0.23289665579795837,0.5218876600265503
804,n02979186,482,cassette player,482,cassette player,0.38945990800857544,748,purse,0.9958399534225464,True,0.03137257695198059,0.016740290448069572,0.33472035579969656,0.16775837540626526,0.38984227180480957
806,n02979186,482,cassette player,482,cassette player,0.2466629445552826,759,reflex camera,0.9997745156288147,True,0.03137257695198059,0.01798035204410553,0.11550840336877438,0.2749629616737366,0.38375532627105713
807,n02979186,482,cassette player,482,cassette player,0.45352083444595337,868,tray,0.999997615814209,True,0.03137257695198059,0.01774837262928486,0.24512942327042078,0.19400423765182495,0.4012470841407776
808,n02979186,482,cassette player,482,cassette player,0.5216354131698608,748,purse,0.10616989433765411,True,0.03137257695198059,0.017643818631768227,0.03870041244187279,0.34559813141822815,0.019213849678635597
810,n02979186,482,cassette player,482,cassette player,0.2817336618900299,592,hard disc,0.9999995231628418,True,0.03137257695198059,0.01793098822236061,0.10693581561168831,0.32121366262435913,0.24524810910224915
812,n02979186,482,cassette player,482,cassette player,0.21964214742183685,464,buckle,0.9999872446060181,True,0.03137257695198059,0.017735272645950317,0.24671019770921335,0.21511930227279663,0.5150448083877563
818,n02979186,482,cassette player,482,cassette player,0.2744351029396057,678,neck brace,0.9969890713691711,True,0.03137257695198059,0.017245931550860405,0.19220474813602312,0.1934698522090912,0.371499240398407
819,n02979186,482,cassette player,482,cassette player,0.29697680473327637,759,reflex camera,0.9942617416381836,True,0.03137257695198059,0.017580989748239517,0.16602502110427075,0.25782957673072815,0.1648528277873993
820,n02979186,482,cassette player,482,cassette player,0.2883477210998535,746,puck,0.006353919394314289,True,0.03137257695198059,0.017535189166665077,0.24115322887130083,0.2425435483455658,0.5820749998092651
823,n02979186,482,cassette player,482,cassette player,0.1466078907251358,759,reflex camera,0.20011258125305176,True,0.03137257695198059,0.017746401950716972,0.3113022380941797,0.15458965301513672,0.6755240559577942
825,n02979186,482,cassette player,482,cassette player,0.6634804010391235,758,reel,0.9999209642410278,True,0.03137257695198059,0.01723351702094078,0.2736242155154764,0.273552268743515,0.592629611492157
826,n02979186,482,cassette player,482,cassette player,0.5554488301277161,530,digital clock,0.9900049567222595,True,0.03137257695198059,0.017222821712493896,0.22341837007032633,0.23365657031536102,0.11084980517625809
828,n02979186,482,cassette player,482,cassette player,0.5845787525177002,735,poncho,0.06784132122993469,True,0.03137257695198059,0.016733918339014053,0.34215960268964446,0.20988693833351135,0.5773603320121765
830,n02979186,482,cassette player,482,cassette player,0.4024256765842438,584,hair slide,0.9999129772186279,True,0.03137257695198059,0.016855686902999878,0.24120813624615736,0.21456612646579742,0.09130948781967163
831,n02979186,482,cassette player,482,cassette player,0.13077890872955322,530,digital clock,0.9999877214431763,True,0.03137257695198059,0.018025942146778107,0.2966857426834563,0.14898665249347687,0.5892791152000427
832,n02979186,482,cassette player,482,cassette player,0.37985724210739136,333,hamster,0.9982205033302307,True,0.03137257695198059,0.017245622351765633,0.06002756026678769,0.22145028412342072,0.3130021393299103
833,n02979186,482,cassette player,482,cassette player,0.433358371257782,837,sunglasses,0.5357505679130554,True,0.03137257695198059,0.016580022871494293,0.12681949920489033,0.23636634647846222,0.09012991189956665
834,n02979186,482,cassette player,482,cassette player,0.34028688073158264,754,radio,0.9999940395355225,True,0.03137257695198059,0.018077867105603218,0.6891074133374524,0.06233906373381615,0.9068205952644348
835,n02979186,482,cassette player,482,cassette player,0.7289010286331177,902,whistle,1.0,True,0.03137257695198059,0.017035940662026405,0.16050518826796828,0.26598474383354187,0.20464296638965607
836,n02979186,482,cassette player,482,cassette player,0.19322077929973602,485,CD player,0.9998144507408142,True,0.03137257695198059,0.01730485074222088,0.41216316156588034,0.19078217446804047,0.7445125579833984
838,n02979186,482,cassette player,482,cassette player,0.1422015130519867,477,carpenter's kit,0.9999843835830688,True,0.03137257695198059,0.017989661544561386,0.09459564950363006,0.21288573741912842,0.38561680912971497
840,n02979186,482,cassette player,482,cassette player,0.48017701506614685,485,CD player,0.9980087876319885,True,0.03137257695198059,0.017237776890397072,0.40013887748097904,0.19550082087516785,0.7298135757446289
842,n02979186,482,cassette player,482,cassette player,0.20509043335914612,561,forklift,0.9989080429077148,True,0.03137257695198059,0.0174697432667017,0.38422599634310683,0.16776344180107117,0.5478978157043457
843,n02979186,482,cassette player,482,cassette player,0.3576884865760803,771,safe,0.9998338222503662,True,0.03137257695198059,0.017489947378635406,0.19656119860137827,0.25337836146354675,0.026303866878151894
844,n02979186,482,cassette player,482,cassette player,0.2633456885814667,106,wombat,0.25031977891921997,True,0.03137257695198059,0.017132632434368134,0.09566618038251193,0.3201647102832794,0.0
847,n02979186,482,cassette player,482,cassette player,0.25065720081329346,632,loudspeaker,0.9999885559082031,True,0.03137257695198059,0.01800139620900154,0.1826915943921052,0.2955087721347809,0.3933377265930176
849,n02979186,482,cassette player,482,cassette player,0.17867736518383026,811,space heater,0.9999995231628418,True,0.03137257695198059,0.01744656264781952,0.2509179587202844,0.272869348526001,0.6067870259284973
851,n02979186,482,cassette player,482,cassette player,0.409194678068161,646,maze,0.9999997615814209,True,0.03137257695198059,0.017896102741360664,0.12182206595660545,0.26440247893333435,0.3413650691509247
852,n02979186,482,cassette player,482,cassette player,0.2809131145477295,746,puck,0.999980092048645,True,0.03137257695198059,0.01777922734618187,0.22429290370010044,0.2825233042240143,0.4247176945209503
853,n02979186,482,cassette player,482,cassette player,0.09798067063093185,757,recreational vehicle,0.999833345413208,True,0.03137257695198059,0.017686596140265465,0.2291678994644901,0.17226217687129974,0.04658600687980652
856,n02979186,482,cassette player,482,cassette player,0.2284468114376068,620,laptop,0.9853647351264954,True,0.03137257695198059,0.01810593716800213,0.09919865296072601,0.23963432013988495,0.3182746171951294
858,n02979186,482,cassette player,482,cassette player,0.24759899079799652,731,plunger,1.0,True,0.03137257695198059,0.01766372285783291,0.17783659096565016,0.2191203534603119,0.5997593998908997
861,n02979186,482,cassette player,482,cassette player,0.2900864779949188,662,modem,0.9999961853027344,True,0.03137257695198059,0.017853576689958572,0.2118839027674798,0.2090395838022232,0.15356479585170746
863,n02979186,482,cassette player,482,cassette player,0.16017763316631317,614,kimono,0.9999966621398926,True,0.03137257695198059,0.018327094614505768,0.12390501284984043,0.14650093019008636,0.10947104543447495
865,n02979186,482,cassette player,482,cassette player,0.24669410288333893,754,radio,1.0,True,0.03137257695198059,0.01809907704591751,0.40607860879292884,0.16843415796756744,0.6977816224098206
866,n02979186,482,cassette player,482,cassette player,0.2037714272737503,588,hamper,0.9999620914459229,True,0.03137257695198059,0.017711911350488663,0.4069392450697843,0.14295397698879242,0.6100374460220337
867,n02979186,482,cassette player,482,cassette player,0.28778815269470215,700,paper towel,0.9996476173400879,True,0.03137257695198059,0.01767558790743351,0.1109261485316021,0.23122544586658478,0.0846470519900322
871,n02979186,482,cassette player,482,cassette player,0.36179018020629883,732,Polaroid camera,0.9998120665550232,True,0.03137257695198059,0.01805148459970951,0.056264524663888704,0.34271112084388733,0.19183509051799774
873,n02979186,482,cassette player,482,cassette player,0.26897671818733215,700,paper towel,0.9999172687530518,True,0.03137257695198059,0.017474353313446045,0.34465679822456774,0.1937400996685028,0.4373180866241455
874,n02979186,482,cassette player,482,cassette player,0.25881093740463257,401,accordion,0.9999867677688599,True,0.03137257695198059,0.01720995455980301,0.3919264274783461,0.13982313871383667,0.019990384578704834
875,n02979186,482,cassette player,482,cassette player,0.29493221640586853,748,purse,0.999903678894043,True,0.03137257695198059,0.017765583470463753,0.07276625897284666,0.3149399757385254,0.2228212207555771
877,n02979186,482,cassette player,482,cassette player,0.2604011595249176,581,grille,0.2398223876953125,True,0.03137257695198059,0.01770654134452343,0.05010754534029021,0.28021255135536194,0.1274489462375641
883,n02979186,482,cassette player,482,cassette player,0.2615435719490051,961,dough,0.02390192449092865,True,0.03137257695198059,0.01782871037721634,0.2725317959848358,0.1432754397392273,0.7821619510650635
888,n02979186,482,cassette player,482,cassette player,0.1556265652179718,893,wallet,0.9995138645172119,True,0.03137257695198059,0.017941566184163094,0.3912265282327827,0.14035430550575256,0.24280059337615967
889,n02979186,482,cassette player,482,cassette player,0.3018081784248352,855,thimble,0.9830625057220459,True,0.03137257695198059,0.017823493108153343,0.372437434145336,0.16471895575523376,0.6934614181518555
890,n02979186,482,cassette player,482,cassette player,0.315205454826355,106,wombat,0.02083115093410015,True,0.03137257695198059,0.0169280506670475,0.12976603955274182,0.2753909230232239,0.0032778731547296047
892,n02979186,482,cassette player,482,cassette player,0.41542714834213257,609,jeep,0.9994235038757324,True,0.03137257695198059,0.017960766330361366,0.22043012642938628,0.282814621925354,0.42199695110321045
894,n02979186,482,cassette player,482,cassette player,0.14559975266456604,414,backpack,0.9999958276748657,True,0.03137257695198059,0.01764892041683197,0.153497246699796,0.22160442173480988,0.6729426980018616
897,n02979186,482,cassette player,482,cassette player,0.1150321215391159,692,packet,0.999998927116394,True,0.03137257695198059,0.018044384196400642,0.1564343751565711,0.1338937133550644,0.1481785923242569
900,n02979186,482,cassette player,482,cassette player,0.5089003443717957,590,hand-held computer,0.9998717308044434,True,0.03137257695198059,0.017308620736002922,0.163911586211639,0.2649368643760681,0.4329555630683899
901,n02979186,482,cassette player,482,cassette player,0.12011877447366714,598,home theater,0.998860239982605,True,0.03137257695198059,0.017794014886021614,0.34765687365599174,0.1740325689315796,0.31185173988342285
902,n02979186,482,cassette player,482,cassette player,0.563770592212677,507,combination lock,0.9992509484291077,True,0.03137257695198059,0.016980277374386787,0.23223606063693195,0.28971320390701294,0.22896473109722137
903,n02979186,482,cassette player,482,cassette player,0.14411653578281403,766,rotisserie,1.0,True,0.03137257695198059,0.01805257424712181,0.20224411617166585,0.24441248178482056,0.38932424783706665
904,n02979186,482,cassette player,482,cassette player,0.33339014649391174,748,purse,0.029696209356188774,True,0.03137257695198059,0.018045727163553238,0.26029312688596934,0.18700936436653137,0.21561136841773987
905,n02979186,482,cassette player,482,cassette player,0.2511619031429291,464,buckle,0.9999997615814209,True,0.03137257695198059,0.017849402502179146,0.11432474560656734,0.3007798492908478,0.13055096566677094
907,n02979186,482,cassette player,482,cassette player,0.22854194045066833,759,reflex camera,0.990382969379425,True,0.03137257695198059,0.017694097012281418,0.1089643984125057,0.26477479934692383,0.1553463339805603
909,n02979186,482,cassette player,482,cassette player,0.23488695919513702,304,leaf beetle,0.005776991602033377,True,0.03137257695198059,0.01799200288951397,0.2345921887522658,0.28171586990356445,0.6076144576072693
911,n02979186,482,cassette player,482,cassette player,0.14317677915096283,685,odometer,0.999982476234436,True,0.03137257695198059,0.017908547073602676,0.22678235271814498,0.2595455050468445,0.4825085997581482
912,n02979186,482,cassette player,482,cassette player,0.5875079035758972,378,capuchin,0.9964171648025513,True,0.03137257695198059,0.016688767820596695,0.12446889800640622,0.2827391028404236,0.07728873938322067
913,n02979186,482,cassette player,482,cassette player,0.2707206606864929,6,stingray,0.009929336607456207,True,0.03137257695198059,0.017886687070131302,0.2744615041378649,0.25521960854530334,0.35290589928627014
914,n02979186,482,cassette player,482,cassette player,0.4454197883605957,692,packet,0.9999973773956299,True,0.03137257695198059,0.017294690012931824,0.2129812041496869,0.22749754786491394,0.17098133265972137
915,n02979186,482,cassette player,482,cassette player,0.5214177966117859,732,Polaroid camera,0.9999604225158691,True,0.03137257695198059,0.017404260113835335,0.23075534514924578,0.24989807605743408,0.4076889753341675
916,n02979186,482,cassette player,482,cassette player,0.8752844333648682,732,Polaroid camera,0.9992601275444031,True,0.03137257695198059,0.017058108001947403,0.1138817574914363,0.2781255543231964,0.20933718979358673
917,n02979186,482,cassette player,482,cassette player,0.7113694548606873,584,hair slide,0.9999169111251831,True,0.03137257695198059,0.016519825905561447,0.11341814523614345,0.2684057354927063,0.03524142876267433
919,n02979186,482,cassette player,482,cassette player,0.18738073110580444,746,puck,0.9836775064468384,True,0.03137257695198059,0.017386240884661674,0.12938565303062868,0.25798115134239197,0.10053686797618866
922,n02979186,482,cassette player,482,cassette player,0.5161243081092834,530,digital clock,0.9999892711639404,True,0.03137257695198059,0.017276939004659653,0.10894138736059689,0.23942331969738007,0.051398057490587234
923,n02979186,482,cassette player,482,cassette player,0.40486082434654236,485,CD player,0.999790370464325,True,0.03137257695198059,0.017548181116580963,0.42497081875612225,0.15649627149105072,0.789953351020813
927,n02979186,482,cassette player,482,cassette player,0.3445822298526764,710,pencil sharpener,0.9996581077575684,True,0.03137257695198059,0.016262365505099297,0.2187855328076106,0.2425374537706375,0.2115674614906311
928,n02979186,482,cassette player,482,cassette player,0.4762200117111206,992,agaric,0.0972176194190979,True,0.03137257695198059,0.016856439411640167,0.45223461717836166,0.21149012446403503,0.6455070972442627
929,n02979186,482,cassette player,482,cassette player,0.5729030966758728,759,reflex camera,0.9978609681129456,True,0.03137257695198059,0.017758172005414963,0.17570112677684008,0.2607881724834442,0.2745642066001892
931,n02979186,482,cassette player,482,cassette player,0.5582984089851379,782,screen,0.8204876780509949,True,0.03137257695198059,0.017092736437916756,0.1618962126895582,0.24684619903564453,0.34459826350212097
932,n02979186,482,cassette player,482,cassette player,0.4444671869277954,446,binder,0.9995025396347046,True,0.03137257695198059,0.01658310554921627,0.16341420367502685,0.2656289339065552,0.17514222860336304
936,n02979186,482,cassette player,482,cassette player,0.6911061406135559,861,toilet seat,0.9999818801879883,True,0.03137257695198059,0.0172103364020586,0.11942233073463997,0.2730022072792053,0.07484810054302216
937,n02979186,482,cassette player,482,cassette player,0.7313218712806702,590,hand-held computer,0.9993712306022644,True,0.03137257695198059,0.016601689159870148,0.22891623807473133,0.24058797955513,0.13523605465888977
938,n02979186,482,cassette player,482,cassette player,0.3472849726676941,767,rubber eraser,0.9999665021896362,True,0.03137257695198059,0.017811251804232597,0.3602437997457601,0.18246595561504364,0.35396236181259155
939,n02979186,482,cassette player,482,cassette player,0.7992774844169617,818,spotlight,0.9993817806243896,True,0.03137257695198059,0.016618475317955017,0.3628662133010805,0.20018735527992249,0.31102558970451355
940,n02979186,482,cassette player,482,cassette player,0.2665835916996002,662,modem,0.9999984502792358,True,0.03137257695198059,0.018128463998436928,0.07974963339155139,0.3329300284385681,0.17255499958992004
941,n02979186,482,cassette player,482,cassette player,0.45663222670555115,902,whistle,0.9999769926071167,True,0.03137257695198059,0.016498135402798653,0.25388255166137025,0.2557763457298279,0.4275910258293152
942,n02979186,482,cassette player,482,cassette player,0.5829572677612305,746,puck,0.9957114458084106,True,0.03137257695198059,0.017894377931952477,0.2802309601225025,0.23056162893772125,0.6156803369522095
943,n02979186,482,cassette player,482,cassette player,0.21631519496440887,746,puck,0.999935507774353,True,0.03137257695198059,0.016950711607933044,0.17309862493546302,0.2372707575559616,0.08250097185373306
944,n02979186,482,cassette player,482,cassette player,0.4141250550746918,624,library,0.9997079968452454,True,0.03137257695198059,0.017265504226088524,0.22937462287742177,0.24368487298488617,0.059089407324790955
945,n02979186,482,cassette player,482,cassette player,0.4217236042022705,805,soccer ball,0.9990825653076172,True,0.03137257695198059,0.016418924555182457,0.3104445652521234,0.2067769169807434,0.22926758229732513
947,n02979186,482,cassette player,482,cassette player,0.7723456025123596,746,puck,1.0,True,0.03137257695198059,0.017374113202095032,0.26265913651123424,0.19774854183197021,0.559579610824585
948,n02979186,482,cassette player,482,cassette player,0.5123962163925171,748,purse,0.9993543028831482,True,0.03137257695198059,0.017415571957826614,0.4742621235102359,0.15119986236095428,0.6565669775009155
951,n02979186,482,cassette player,482,cassette player,0.4490611255168915,741,prayer rug,0.9807484149932861,True,0.03137257695198059,0.017137151211500168,0.1410564414034998,0.27157366275787354,0.14983399212360382
952,n02979186,482,cassette player,482,cassette player,0.28433486819267273,593,harmonica,0.999401330947876,True,0.03137257695198059,0.017398012802004814,0.12400982435083079,0.2602580785751343,0.17957338690757751
953,n02979186,482,cassette player,482,cassette player,0.7100508809089661,584,hair slide,0.9999955892562866,True,0.03137257695198059,0.017072957009077072,0.22150908481272769,0.2680688202381134,0.3219914734363556
954,n02979186,482,cassette player,482,cassette player,0.18182949721813202,754,radio,0.9999966621398926,True,0.03137257695198059,0.017904330044984818,0.5551700081953042,0.11359692364931107,0.8607000708580017
955,n02979186,482,cassette player,482,cassette player,0.1017669290304184,678,neck brace,0.9941545128822327,True,0.03137257695198059,0.017702270299196243,0.1504715394230199,0.2153984010219574,0.061938557773828506
956,n02979186,482,cassette player,482,cassette player,0.168305441737175,893,wallet,0.9977676868438721,True,0.03137257695198059,0.017044873908162117,0.24537126542744445,0.20640528202056885,0.029576150700449944
957,n02979186,482,cassette player,482,cassette player,0.313297837972641,516,cradle,0.9963058233261108,True,0.03137257695198059,0.016719933599233627,0.17124587547934741,0.2537189722061157,0.038922227919101715
959,n02979186,482,cassette player,482,cassette player,0.44575560092926025,844,switch,0.999963641166687,True,0.03137257695198059,0.017897313460707664,0.15104876516549404,0.2683667242527008,0.15230852365493774
960,n02979186,482,cassette player,482,cassette player,0.44460341334342957,605,iPod,0.9999951124191284,True,0.03137257695198059,0.01699823886156082,0.28170161210937683,0.25473445653915405,0.39586102962493896
961,n02979186,482,cassette player,482,cassette player,0.19673530757427216,507,combination lock,0.9646005034446716,True,0.03137257695198059,0.01667756773531437,0.3909547333842214,0.23341669142246246,0.40349024534225464
962,n02979186,482,cassette player,482,cassette player,0.7698710560798645,811,space heater,0.9998588562011719,True,0.03137257695198059,0.01682957075536251,0.223093890454126,0.2666870951652527,0.46296942234039307
963,n02979186,482,cassette player,482,cassette player,0.5290190577507019,640,manhole cover,0.9992197751998901,True,0.03137257695198059,0.016910381615161896,0.17984819888130224,0.22300095856189728,0.22672884166240692
964,n02979186,482,cassette player,482,cassette player,0.6735400557518005,892,wall clock,0.9309181571006775,True,0.03137257695198059,0.01756718009710312,0.04942320682921122,0.34460508823394775,0.059573933482170105
965,n02979186,482,cassette player,482,cassette player,0.30145150423049927,620,laptop,0.9951863884925842,True,0.03137257695198059,0.017648845911026,0.29354874665142505,0.20042935013771057,0.47184890508651733
967,n02979186,482,cassette player,482,cassette player,0.5589173436164856,859,toaster,0.9999914169311523,True,0.03137257695198059,0.01763186976313591,0.13172459710254292,0.35639169812202454,0.385627418756485
969,n02979186,482,cassette player,482,cassette player,0.2534533143043518,897,washer,0.9997023940086365,True,0.03137257695198059,0.018028125166893005,0.3126375052722145,0.18051619827747345,0.5926549434661865
970,n02979186,482,cassette player,482,cassette player,0.16926530003547668,590,hand-held computer,0.9999675750732422,True,0.03137257695198059,0.017162086442112923,0.14844947329841218,0.23896849155426025,0.27044403553009033
971,n02979186,482,cassette player,482,cassette player,0.5714488625526428,530,digital clock,0.999997615814209,True,0.03137257695198059,0.017679354175925255,0.17490918456247656,0.27457475662231445,0.4858061373233795
972,n02979186,482,cassette player,482,cassette player,0.30554133653640747,106,wombat,0.9265889525413513,True,0.03137257695198059,0.01824827305972576,0.1763618544688879,0.24922187626361847,0.03602378070354462
973,n02979186,482,cassette player,482,cassette player,0.311593234539032,485,CD player,0.999933123588562,True,0.03137257695198059,0.018197178840637207,0.5128850169765723,0.23412910103797913,0.7910494804382324
974,n02979186,482,cassette player,482,cassette player,0.5371941328048706,357,mink,0.011036154814064503,True,0.03137257695198059,0.017351744696497917,0.21468861285176558,0.2469690889120102,0.46881720423698425
975,n02979186,482,cassette player,482,cassette player,0.10880939662456512,629,lipstick,0.998635470867157,True,0.03137257695198059,0.01781374216079712,0.12314438231115377,0.21122866868972778,0.2501343786716461
976,n02979186,482,cassette player,482,cassette player,0.19375641644001007,446,binder,0.9999990463256836,True,0.03137257695198059,0.017582805827260017,0.06943556412309941,0.3743698000907898,0.1772550493478775
979,n02979186,482,cassette player,482,cassette player,0.4154664874076843,464,buckle,0.9999620914459229,True,0.03137257695198059,0.01790488511323929,0.12871136553302007,0.2978241741657257,0.02658454142510891
980,n02979186,482,cassette player,482,cassette player,0.04931606724858284,731,plunger,0.9996799230575562,True,0.03137257695198059,0.017887501046061516,0.3659845572054811,0.12649713456630707,0.41602224111557007
981,n02979186,482,cassette player,482,cassette player,0.45761290192604065,592,hard disc,0.9974743723869324,True,0.03137257695198059,0.017688818275928497,0.31013968550270327,0.14582771062850952,0.7579621076583862
982,n02979186,482,cassette player,482,cassette player,0.2115376889705658,759,reflex camera,0.9990105628967285,True,0.03137257695198059,0.01791934110224247,0.2672677900220109,0.2235032320022583,0.405902624130249
983,n02979186,482,cassette player,482,cassette player,0.32679280638694763,746,puck,0.9999909400939941,True,0.03137257695198059,0.017949027940630913,0.23973972902870894,0.1994788497686386,0.5486332178115845
985,n02979186,482,cassette player,482,cassette player,0.34512853622436523,999,toilet tissue,0.9999833106994629,True,0.03137257695198059,0.01746458187699318,0.060701748568332416,0.2591775059700012,0.24245740473270416
987,n02979186,482,cassette player,482,cassette player,0.373415470123291,530,digital clock,0.9999532699584961,True,0.03137257695198059,0.017030104994773865,0.12482685907515155,0.31046974658966064,0.3586813509464264
990,n02979186,482,cassette player,482,cassette player,0.17797860503196716,597,holster,0.9997676014900208,True,0.03137257695198059,0.017168762162327766,0.19569644301623296,0.1817929744720459,0.17454616725444794
991,n02979186,482,cassette player,482,cassette player,0.09418145567178726,685,odometer,0.9998986721038818,True,0.03137257695198059,0.017893703654408455,0.15977378333628406,0.26403331756591797,0.26833653450012207
992,n02979186,482,cassette player,482,cassette player,0.6397383213043213,409,analog clock,0.9984809756278992,True,0.03137257695198059,0.01700526848435402,0.4583399304741793,0.1445857137441635,0.5206617712974548
994,n02979186,482,cassette player,482,cassette player,0.24683882296085358,455,bottlecap,0.9999996423721313,True,0.03137257695198059,0.017014360055327415,0.2390006120350579,0.17985278367996216,0.2773253619670868
995,n02979186,482,cassette player,482,cassette player,0.6540354490280151,185,Norfolk terrier,0.9942131638526917,True,0.03137257695198059,0.017297988757491112,0.13458912421441413,0.219533771276474,0.1882317066192627
996,n02979186,482,cassette player,482,cassette player,0.2207248955965042,357,mink,0.005537316203117371,True,0.03137257695198059,0.017850041389465332,0.15367043507969477,0.2349616140127182,0.4992472529411316
998,n02979186,482,cassette player,482,cassette player,0.3211999237537384,777,scabbard,0.9998877048492432,True,0.03137257695198059,0.017750442028045654,0.1609130798458878,0.3031599521636963,0.022271007299423218
1000,n02979186,482,cassette player,482,cassette player,0.27397558093070984,761,remote control,0.9998736381530762,True,0.03137257695198059,0.01776786893606186,0.28733697644532,0.2313777357339859,0.2091476023197174
1002,n02979186,482,cassette player,482,cassette player,0.1391458958387375,591,handkerchief,0.9995701909065247,True,0.03137257695198059,0.01788395829498768,0.22442140613093187,0.18504634499549866,0.0
1003,n02979186,482,cassette player,482,cassette player,0.5499573945999146,746,puck,0.9999996423721313,True,0.03137257695198059,0.016541574150323868,0.17431577047557426,0.24197882413864136,0.08051270246505737
1010,n02979186,482,cassette player,482,cassette player,0.20185992121696472,803,snowplow,0.9479621648788452,True,0.03137257695198059,0.01729392260313034,0.29601312412798636,0.16125570237636566,0.17600062489509583
1011,n02979186,482,cassette player,482,cassette player,0.6096859574317932,844,switch,0.9996054768562317,True,0.03137257695198059,0.016924045979976654,0.14276960821581633,0.28317034244537354,0.19637653231620789
1014,n02979186,482,cassette player,482,cassette player,0.17568843066692352,746,puck,0.9999921321868896,True,0.03137257695198059,0.017005382105708122,0.20053700202485925,0.2888672351837158,0.03644794225692749
1015,n02979186,482,cassette player,482,cassette player,0.15891149640083313,524,cuirass,0.9660170674324036,True,0.03137257695198059,0.017407959327101707,0.2499638092466426,0.18498927354812622,0.4228664040565491
1017,n02979186,482,cassette player,482,cassette player,0.49922338128089905,758,reel,0.9999475479125977,True,0.03137257695198059,0.01713237352669239,0.3636221792419829,0.28342151641845703,0.453548789024353
1019,n02979186,482,cassette player,482,cassette player,0.36817285418510437,732,Polaroid camera,0.9974013566970825,True,0.03137257695198059,0.017225759103894234,0.12289655538354173,0.30220508575439453,0.12317121773958206
1020,n02979186,482,cassette player,482,cassette player,0.2597692608833313,893,wallet,0.9920799136161804,True,0.03137257695198059,0.01768454723060131,0.14554143274376274,0.31963369250297546,0.3125807046890259
1023,n02979186,482,cassette player,482,cassette player,0.4724380373954773,635,magnetic compass,0.9998667240142822,True,0.03137257695198059,0.01676386408507824,0.30376317222916216,0.22340546548366547,0.5198268294334412
1024,n02979186,482,cassette player,482,cassette player,0.2485068142414093,490,chain mail,0.9999970197677612,True,0.03137257695198059,0.018299007788300514,0.5006136963579866,0.12299752980470657,0.3997245728969574
1025,n02979186,482,cassette player,482,cassette player,0.6438319087028503,746,puck,0.9999998807907104,True,0.03137257695198059,0.016622574999928474,0.14555423080767466,0.3128599226474762,0.08032584190368652
1026,n02979186,482,cassette player,482,cassette player,0.22565512359142303,480,cash machine,0.9999109506607056,True,0.03137257695198059,0.01716507412493229,0.3336256938275872,0.1755678951740265,0.23567479848861694
1030,n02979186,482,cassette player,482,cassette player,0.22128409147262573,523,crutch,1.0,True,0.03137257695198059,0.01774860918521881,0.1290512038533097,0.2383170872926712,0.04228097200393677
1033,n02979186,482,cassette player,482,cassette player,0.19650804996490479,446,binder,0.9998623132705688,True,0.03137257695198059,0.017332615330815315,0.12024670508841294,0.2144828736782074,0.17105799913406372
1034,n02979186,482,cassette player,482,cassette player,0.2895880937576294,485,CD player,0.9999523162841797,True,0.03137257695198059,0.01786835864186287,0.240643673392074,0.266994446516037,0.6173171997070312
1036,n02979186,482,cassette player,482,cassette player,0.5660336017608643,530,digital clock,0.9988130331039429,True,0.03137257695198059,0.01674230583012104,0.2065619010390597,0.18618696928024292,0.2782394289970398
1039,n02979186,482,cassette player,482,cassette player,0.14709080755710602,632,loudspeaker,0.9999871253967285,True,0.03137257695198059,0.017588699236512184,0.4403328974665176,0.20255643129348755,0.6083288788795471
1040,n02979186,482,cassette player,482,cassette player,0.2773188352584839,620,laptop,0.8976485133171082,True,0.03137257695198059,0.017473939806222916,0.05609178962084002,0.31116846203804016,0.028447870165109634
1041,n02979186,482,cassette player,482,cassette player,0.16810490190982819,615,knee pad,0.998166561126709,True,0.03137257695198059,0.017756957560777664,0.242461987437209,0.20158261060714722,0.3255653381347656
1042,n02979186,482,cassette player,482,cassette player,0.6674370169639587,502,clog,0.9999887943267822,True,0.03137257695198059,0.017073994502425194,0.16644434103912437,0.3039993345737457,0.1913965940475464
1049,n02979186,482,cassette player,482,cassette player,0.5202435851097107,633,loupe,0.9994876384735107,True,0.03137257695198059,0.0162168201059103,0.39622317592345874,0.1395849734544754,0.5232925415039062
1050,n02979186,482,cassette player,482,cassette player,0.07900895178318024,772,safety pin,1.0,True,0.03137257695198059,0.017897306010127068,0.2088798873366375,0.17720063030719757,0.5290444493293762
1051,n02979186,482,cassette player,482,cassette player,0.4285343885421753,861,toilet seat,0.999799907207489,True,0.03137257695198059,0.01716776192188263,0.0849655768095506,0.2619912624359131,0.12130291014909744
1054,n02979186,482,cassette player,482,cassette player,0.2550369203090668,759,reflex camera,0.9992365837097168,True,0.03137257695198059,0.016997573897242546,0.16943440219959655,0.2553060054779053,0.4002758264541626
1056,n02979186,482,cassette player,482,cassette player,0.34236717224121094,447,binoculars,0.9996376037597656,True,0.03137257695198059,0.018142936751246452,0.219573277089335,0.16701680421829224,0.33951979875564575
1057,n02979186,482,cassette player,482,cassette player,0.6427866816520691,632,loudspeaker,0.9994813799858093,True,0.03137257695198059,0.01683666557073593,0.3093955130862302,0.19579708576202393,0.5259790420532227
1058,n02979186,482,cassette player,482,cassette player,0.16139090061187744,777,scabbard,0.9998809099197388,True,0.03137257695198059,0.017692232504487038,0.21580338102416813,0.2657093107700348,0.034147050231695175
1059,n02979186,482,cassette player,482,cassette player,0.39440396428108215,640,manhole cover,0.9999858140945435,True,0.03137257695198059,0.01704210415482521,0.1569204307800571,0.3003382682800293,0.21286450326442719
1061,n02979186,482,cassette player,482,cassette player,0.22982844710350037,620,laptop,0.899836540222168,True,0.03137257695198059,0.018017204478383064,0.21817711042104185,0.22739113867282867,0.5956345200538635
1062,n02979186,482,cassette player,482,cassette player,0.32253068685531616,34,leatherback turtle,0.005973252933472395,True,0.03137257695198059,0.017738407477736473,0.17853249013905728,0.32887786626815796,0.4379309117794037
1064,n02979186,482,cassette player,482,cassette player,0.4014616310596466,485,CD player,0.9983291029930115,True,0.03137257695198059,0.016507811844348907,0.3963776843818226,0.1300768107175827,0.7681284546852112
1066,n02979186,482,cassette player,482,cassette player,0.22520527243614197,493,chiffonier,0.9994794726371765,True,0.03137257695198059,0.01766812801361084,0.24909327224350264,0.2661992013454437,0.3476048409938812
1068,n02979186,482,cassette player,482,cassette player,0.5904632210731506,530,digital clock,0.9999723434448242,True,0.03137257695198059,0.017587866634130478,0.13365708206835095,0.35605713725090027,0.22873064875602722
1074,n02979186,482,cassette player,482,cassette player,0.5936315655708313,766,rotisserie,0.9993864297866821,True,0.03137257695198059,0.016897812485694885,0.24427079586205008,0.24457989633083344,0.26666855812072754
1075,n02979186,482,cassette player,482,cassette player,0.2729308009147644,769,rule,0.9996017813682556,True,0.03137257695198059,0.017629655078053474,0.14953396602556202,0.19488170742988586,0.3067866265773773
1077,n02979186,482,cassette player,482,cassette player,0.2690473198890686,488,chain,0.999997615814209,True,0.03137257695198059,0.01722014881670475,0.12351535065872747,0.23624373972415924,0.017622869461774826
1078,n02979186,482,cassette player,482,cassette player,0.23651301860809326,754,radio,0.9960843324661255,True,0.03137257695198059,0.01678224466741085,0.4966171343717731,0.15602321922779083,0.6495411396026611
1079,n02979186,482,cassette player,482,cassette player,0.14138038456439972,759,reflex camera,0.9982409477233887,True,0.03137257695198059,0.017957059666514397,0.1441482384199658,0.23665191233158112,0.3038458228111267
1080,n02979186,482,cassette player,482,cassette player,0.5508361458778381,992,agaric,0.00896050687879324,True,0.03137257695198059,0.01732311025261879,0.2529650219929955,0.23008352518081665,0.5085633993148804
1081,n02979186,482,cassette player,482,cassette player,0.13650338351726532,748,purse,0.9994611144065857,True,0.03137257695198059,0.017928382381796837,0.24066967541148623,0.20102158188819885,0.007006029598414898
1083,n02979186,482,cassette player,482,cassette player,0.4633108973503113,752,racket,0.9996515512466431,True,0.03137257695198059,0.01768067665398121,0.14022296054675348,0.3620893657207489,0.2534553110599518
1084,n02979186,482,cassette player,482,cassette player,0.31720465421676636,784,screwdriver,0.9996190071105957,True,0.03137257695198059,0.017271773889660835,0.31106427432981254,0.18405888974666595,0.5390914678573608
1087,n02979186,482,cassette player,482,cassette player,0.1436302810907364,746,puck,0.9999978542327881,True,0.03137257695198059,0.01709398254752159,0.1702261050619136,0.2994091510772705,0.31279847025871277
1088,n02979186,482,cassette player,482,cassette player,0.28494250774383545,662,modem,0.010833007283508778,True,0.03137257695198059,0.016892939805984497,0.3912957423255723,0.14391003549098969,0.6625728607177734
1091,n02979186,482,cassette player,482,cassette player,0.5825532674789429,662,modem,0.9998911619186401,True,0.03137257695198059,0.017004122957587242,0.32459466315910296,0.1961987018585205,0.341042697429657
1093,n02979186,482,cassette player,482,cassette player,0.30701127648353577,632,loudspeaker,0.9995996356010437,True,0.03137257695198059,0.017152966931462288,0.2729718702493832,0.25847744941711426,0.5631940364837646
1094,n02979186,482,cassette player,482,cassette player,0.33890974521636963,893,wallet,0.9999560117721558,True,0.03137257695198059,0.017734277993440628,0.16427619305175345,0.28594744205474854,0.25254395604133606
1097,n02979186,482,cassette player,482,cassette player,0.24935860931873322,487,cellular telephone,0.9999978542327881,True,0.03137257695198059,0.017411796376109123,0.27265478327110537,0.22512558102607727,0.2597990036010742
1098,n02979186,482,cassette player,482,cassette player,0.21261242032051086,629,lipstick,0.9630451798439026,True,0.03137257695198059,0.018084565177559853,0.23463871533187944,0.18894849717617035,0.1857186257839203
1099,n02979186,482,cassette player,482,cassette player,0.730834424495697,746,puck,0.9999873638153076,True,0.03137257695198059,0.01712583564221859,0.1428374028309657,0.28589650988578796,0.232133150100708
1101,n02979186,482,cassette player,482,cassette player,0.38186272978782654,746,puck,0.9999960660934448,True,0.03137257695198059,0.016953548416495323,0.18982444157286227,0.2712446451187134,0.094783253967762
1102,n02979186,482,cassette player,482,cassette player,0.7005615830421448,35,mud turtle,0.013664023950695992,True,0.03137257695198059,0.017293721437454224,0.14238524110688747,0.32841360569000244,0.4419313073158264
1103,n02979186,482,cassette player,482,cassette player,0.7036052942276001,611,jigsaw puzzle,0.9999998807907104,True,0.03137257695198059,0.016729043796658516,0.06803008364031353,0.283234566450119,0.04834480211138725
1104,n02979186,482,cassette player,482,cassette player,0.5225570201873779,640,manhole cover,0.9990072846412659,True,0.03137257695198059,0.017514845356345177,0.39569575013155395,0.18358179926872253,0.747081995010376
1110,n02979186,482,cassette player,482,cassette player,0.24561955034732819,778,scale,0.9999978542327881,True,0.03137257695198059,0.017467062920331955,0.26248734894048537,0.22532512247562408,0.4481455683708191
1111,n02979186,482,cassette player,482,cassette player,0.3914215862751007,748,purse,0.7686407566070557,True,0.03137257695198059,0.017263805493712425,0.05884724101153603,0.37819361686706543,0.0
1113,n02979186,482,cassette player,482,cassette player,0.3993106484413147,41,whiptail,0.9999804496765137,True,0.03137257695198059,0.017830409109592438,0.013504588062116877,0.3239351511001587,0.17834697663784027
1114,n02979186,482,cassette player,482,cassette player,0.2939125597476959,662,modem,0.9997945427894592,True,0.03137257695198059,0.016916997730731964,0.31280583181701155,0.21617268025875092,0.5478905439376831
1115,n02979186,482,cassette player,482,cassette player,0.2842516303062439,530,digital clock,0.998245120048523,True,0.03137257695198059,0.017504209652543068,0.2928603169697536,0.24751394987106323,0.5429701805114746
1118,n02979186,482,cassette player,482,cassette player,0.25268036127090454,759,reflex camera,0.9999704360961914,True,0.03137257695198059,0.017995310947299004,0.10188582248092523,0.34856003522872925,0.2965102791786194
1120,n02979186,482,cassette player,482,cassette player,0.45933517813682556,746,puck,0.9999943971633911,True,0.03137257695198059,0.01693141646683216,0.19468687119277048,0.30940404534339905,0.25779208540916443
1121,n02979186,482,cassette player,482,cassette player,0.29694679379463196,192,cairn,0.9788959622383118,True,0.03137257695198059,0.01778489351272583,0.1450517478412246,0.2302544116973877,0.5260850191116333
1122,n02979186,482,cassette player,482,cassette player,0.5607873201370239,746,puck,0.05715443566441536,True,0.03137257695198059,0.017310546711087227,0.20827856272260875,0.2925218343734741,0.39000287652015686
1124,n02979186,482,cassette player,482,cassette player,0.21646729111671448,620,laptop,0.999065101146698,True,0.03137257695198059,0.017724113538861275,0.08301164955093909,0.29692262411117554,0.44884127378463745
1125,n02979186,482,cassette player,482,cassette player,0.409107506275177,613,joystick,0.9968814849853516,True,0.03137257695198059,0.018012231215834618,0.1652001498896297,0.16611817479133606,0.13250254094600677
1127,n02979186,482,cassette player,482,cassette player,0.3735155761241913,893,wallet,0.9930354952812195,True,0.03137257695198059,0.016459684818983078,0.2675698267929626,0.21961484849452972,0.13383576273918152
1129,n02979186,482,cassette player,482,cassette player,0.37886008620262146,746,puck,0.9957629442214966,True,0.03137257695198059,0.016614766791462898,0.4808032875418639,0.11872084438800812,0.7568709850311279
1132,n02979186,482,cassette player,482,cassette player,0.1399242877960205,539,doormat,1.0,True,0.03137257695198059,0.017594244331121445,0.2997738126700561,0.13604339957237244,0.4567303955554962
1135,n02979186,482,cassette player,482,cassette player,0.3328728675842285,230,Shetland sheepdog,0.9966458678245544,True,0.03137257695198059,0.018113885074853897,0.32442629651825555,0.21959881484508514,0.42273616790771484
1139,n03000684,491,chain saw,491,chain saw,0.6786922812461853,843,swing,0.9999964237213135,True,0.03137257695198059,0.018075184896588326,0.17231822468168656,0.21087004244327545,0.1942415088415146
1140,n03000684,491,chain saw,491,chain saw,0.2967148721218109,563,fountain pen,0.9539130926132202,True,0.03137257695198059,0.016674498096108437,0.2945115454722903,0.15584015846252441,0.5301406383514404
1141,n03000684,491,chain saw,491,chain saw,0.3781535029411316,238,Greater Swiss Mountain dog,0.8201009631156921,True,0.03137257695198059,0.018057461827993393,0.07283512229186238,0.22351481020450592,0.23142148554325104
1142,n03000684,491,chain saw,491,chain saw,0.19422994554042816,477,carpenter's kit,0.999575674533844,True,0.03137257695198059,0.017075415700674057,0.28804966398217674,0.19957658648490906,0.21760764718055725
1143,n03000684,491,chain saw,491,chain saw,0.7335325479507446,630,Loafer,0.07525572925806046,True,0.03137257695198059,0.018425367772579193,0.06852658510184885,0.1669045239686966,0.022099973633885384
1144,n03000684,491,chain saw,491,chain saw,0.5523437857627869,411,apron,0.17492960393428802,True,0.03137257695198059,0.016792867332696915,0.3942634331144505,0.13901756703853607,0.5564217567443848
1145,n03000684,491,chain saw,491,chain saw,0.32335197925567627,845,syringe,1.0,True,0.03137257695198059,0.01796169951558113,0.29614029452298174,0.10526646673679352,0.6610735654830933
1146,n03000684,491,chain saw,491,chain saw,0.45438775420188904,465,bulletproof vest,0.9999481439590454,True,0.03137257695198059,0.01739075593650341,0.2998184836156185,0.13572514057159424,0.3748270273208618
1147,n03000684,491,chain saw,491,chain saw,0.20336972177028656,489,chainlink fence,0.011132036335766315,True,0.03137257695198059,0.01771506667137146,0.3404872289839295,0.1268397867679596,0.28842270374298096
1148,n03000684,491,chain saw,491,chain saw,0.6324033141136169,209,Chesapeake Bay retriever,0.999884843826294,True,0.03137257695198059,0.01842821016907692,0.1336768474987695,0.21041953563690186,0.4315520226955414
1149,n03000684,491,chain saw,491,chain saw,0.3843556344509125,363,armadillo,0.9999343156814575,True,0.03137257695198059,0.017735105007886887,0.34563635834448947,0.19600270688533783,0.7282024621963501
1150,n03000684,491,chain saw,491,chain saw,0.5427940487861633,882,vacuum,0.9999996423721313,True,0.03137257695198059,0.017795296385884285,0.2540174759348419,0.23655833303928375,0.39730870723724365
1151,n03000684,491,chain saw,491,chain saw,0.26635581254959106,652,military uniform,0.9995286464691162,True,0.03137257695198059,0.01802361011505127,0.31122311289820637,0.1192382276058197,0.4001418352127075
1152,n03000684,491,chain saw,491,chain saw,0.10595878958702087,666,mortar,0.04920993000268936,True,0.03137257695198059,0.017998918890953064,0.1198866335100326,0.17893867194652557,0.11951611936092377
1153,n03000684,491,chain saw,491,chain saw,0.5861039757728577,67,diamondback,0.9943256974220276,True,0.03137257695198059,0.017625264823436737,0.304017064170367,0.15813198685646057,0.7026584148406982
1154,n03000684,491,chain saw,491,chain saw,0.3922414779663086,621,lawn mower,0.9999957084655762,True,0.03137257695198059,0.01790487952530384,0.3572311616357861,0.1267630159854889,0.7512056827545166
1155,n03000684,491,chain saw,491,chain saw,0.8407025337219238,987,corn,0.9200342297554016,True,0.03137257695198059,0.017294717952609062,0.3543147974691401,0.1062183678150177,0.07752631604671478
1156,n03000684,491,chain saw,491,chain saw,0.38781940937042236,593,harmonica,0.6671001315116882,True,0.03137257695198059,0.01790119707584381,0.2071869872217411,0.11497806757688522,0.3261259198188782
1157,n03000684,491,chain saw,491,chain saw,0.19679678976535797,706,patio,0.9999990463256836,True,0.03137257695198059,0.01796768233180046,0.13625224573701702,0.136838898062706,0.0
1158,n03000684,491,chain saw,491,chain saw,0.5098428726196289,893,wallet,0.9960886240005493,True,0.03137257695198059,0.01778857596218586,0.16042871403371958,0.21073663234710693,0.08413771539926529
1159,n03000684,491,chain saw,491,chain saw,0.5896307229995728,868,tray,0.9583067297935486,True,0.03137257695198059,0.01687299646437168,0.20158834976730305,0.2565802335739136,0.39097684621810913
1160,n03000684,491,chain saw,491,chain saw,0.3093945384025574,240,Appenzeller,0.5019543766975403,True,0.03137257695198059,0.018113648518919945,0.3513348876511163,0.11586263030767441,0.0
1161,n03000684,491,chain saw,491,chain saw,0.3560738265514374,953,pineapple,0.041887860745191574,True,0.03137257695198059,0.017016500234603882,0.430679728159355,0.1705787181854248,0.6405109167098999
1162,n03000684,491,chain saw,491,chain saw,0.39821121096611023,338,guinea pig,0.9992786049842834,True,0.03137257695198059,0.017828382551670074,0.198162128634412,0.12305932492017746,0.5311909317970276
1163,n03000684,491,chain saw,491,chain saw,0.6660993695259094,203,West Highland white terrier,0.07345151156187057,True,0.03137257695198059,0.017710205167531967,0.12536763176894286,0.24985766410827637,0.22604092955589294
1164,n03000684,491,chain saw,491,chain saw,0.49566829204559326,185,Norfolk terrier,0.45648491382598877,True,0.03137257695198059,0.017794691026210785,0.12442798733703415,0.22971947491168976,0.0
1165,n03000684,491,chain saw,491,chain saw,0.736214280128479,865,toyshop,0.9998635053634644,True,0.03137257695198059,0.017787018790841103,0.11489883281589788,0.1646076887845993,0.08358404040336609
1166,n03000684,491,chain saw,491,chain saw,0.475111722946167,593,harmonica,0.0687703862786293,True,0.03137257695198059,0.018075214698910713,0.17968387174946263,0.11462833732366562,0.8072103261947632
1167,n03000684,491,chain saw,491,chain saw,0.7692636847496033,740,power drill,1.0,True,0.03137257695198059,0.01787889562547207,0.2832123309925431,0.1998847872018814,0.47019803524017334
1168,n03000684,491,chain saw,491,chain saw,0.5709333419799805,370,guenon,0.9980389475822449,True,0.03137257695198059,0.01777123473584652,0.2864603669593966,0.14392128586769104,0.10971593111753464
1169,n03000684,491,chain saw,491,chain saw,0.32256755232810974,67,diamondback,1.0,True,0.03137257695198059,0.01796760968863964,0.15290963815860742,0.17743216454982758,0.23344115912914276
1170,n03000684,491,chain saw,491,chain saw,0.2585242986679077,63,Indian cobra,1.0,True,0.03137257695198059,0.01753311976790428,0.4908574329353777,0.05080248787999153,0.8126392960548401
1171,n03000684,491,chain saw,491,chain saw,0.737010657787323,981,ballplayer,0.9988871216773987,True,0.03137257695198059,0.017648592591285706,0.29354490269864075,0.1108803078532219,0.0331706702709198
1172,n03000684,491,chain saw,491,chain saw,0.22456024587154388,63,Indian cobra,0.024942943826317787,True,0.03137257695198059,0.01786918379366398,0.300980181863948,0.16693033277988434,0.46175581216812134
1173,n03000684,491,chain saw,491,chain saw,0.7097645401954651,487,cellular telephone,1.0,True,0.03137257695198059,0.018009983003139496,0.08837832147380505,0.17946766316890717,0.11522779613733292
1174,n03000684,491,chain saw,491,chain saw,0.44965100288391113,574,golf ball,1.0,True,0.03137257695198059,0.01791825145483017,0.3063778099194557,0.15851335227489471,0.4293235242366791
1175,n03000684,491,chain saw,491,chain saw,0.8737545609474182,593,harmonica,0.9911496639251709,True,0.03137257695198059,0.018048526719212532,0.12142141335009314,0.20257918536663055,0.22856391966342926
1176,n03000684,491,chain saw,491,chain saw,0.9203187823295593,824,stole,0.9999997615814209,True,0.03137257695198059,0.01795898750424385,0.1906089280838859,0.24724964797496796,0.003934837412089109
1177,n03000684,491,chain saw,491,chain saw,0.40710172057151794,597,holster,0.9976288676261902,True,0.03137257695198059,0.01768210157752037,0.3032494617813344,0.20524118840694427,0.3449893891811371
1178,n03000684,491,chain saw,491,chain saw,0.37535515427589417,203,West Highland white terrier,0.993224024772644,True,0.03137257695198059,0.017691904678940773,0.2584000056528221,0.18481342494487762,0.3531224727630615
1179,n03000684,491,chain saw,491,chain saw,0.25185999274253845,994,stinkhorn,0.9999996423721313,True,0.03137257695198059,0.01799946092069149,0.3265697357951834,0.17925041913986206,0.1970725804567337
1180,n03000684,491,chain saw,491,chain saw,0.7694795727729797,807,solar dish,1.0,True,0.03137257695198059,0.017824824899435043,0.16280051672374887,0.2632446587085724,0.12945491075515747
1181,n03000684,491,chain saw,491,chain saw,0.47601404786109924,109,brain coral,0.027773814275860786,True,0.03137257695198059,0.017629550769925117,0.42976567969395596,0.15922297537326813,0.5432280898094177
1182,n03000684,491,chain saw,491,chain saw,0.2616761326789856,929,ice lolly,1.0,True,0.03137257695198059,0.018111122772097588,0.10395508784558834,0.12476509809494019,0.0
1183,n03000684,491,chain saw,491,chain saw,0.3883022367954254,109,brain coral,0.009741056710481644,True,0.03137257695198059,0.016929758712649345,0.3583357415511523,0.16696496307849884,0.644481897354126
1184,n03000684,491,chain saw,491,chain saw,0.38332340121269226,640,manhole cover,0.9996788501739502,True,0.03137257695198059,0.016185881569981575,0.46370244022127893,0.15015347301959991,0.6031920909881592
1185,n03000684,491,chain saw,491,chain saw,0.29795870184898376,903,wig,0.9996775388717651,True,0.03137257695198059,0.017878510057926178,0.40851549546237653,0.13817311823368073,0.14488855004310608
1186,n03000684,491,chain saw,491,chain saw,0.6272237300872803,856,thresher,0.999527096748352,True,0.03137257695198059,0.01802230253815651,0.17694597142440652,0.21059519052505493,0.057082802057266235
1187,n03000684,491,chain saw,491,chain saw,0.8738867044448853,614,kimono,0.9999996423721313,True,0.03137257695198059,0.01768229715526104,0.1020928748414151,0.14354529976844788,0.017240233719348907
1188,n03000684,491,chain saw,491,chain saw,0.8566938042640686,640,manhole cover,0.6803627014160156,True,0.03137257695198059,0.016641883179545403,0.4866327271741427,0.13754768669605255,0.6143177151679993
